runner,processes,agents,world_x,world_y,steps,simulating_seconds,wall_clock_seconds,computing_seconds,waiting_seconds,communicating_seconds,finishing_seconds,measured_phases,smallest_process_load,largest_process_load,average_imbalance,worst_imbalance,fingerprint
sequential,1,1000,1000.0000,1000.0000,500,0.382399,0.389906,0.382399,0.000000,0.000000,0.000000,false,1000,1000,1.0000,1.0000,1f46683aaa4980b7
sequential,1,1000,1000.0000,1000.0000,500,0.366900,0.374132,0.366900,0.000000,0.000000,0.000000,false,1000,1000,1.0000,1.0000,1f46683aaa4980b7
sequential,1,1000,1000.0000,1000.0000,500,0.370720,0.378056,0.370720,0.000000,0.000000,0.000000,false,1000,1000,1.0000,1.0000,1f46683aaa4980b7
sequential,1,1000,1000.0000,1000.0000,500,0.370402,0.377606,0.370402,0.000000,0.000000,0.000000,false,1000,1000,1.0000,1.0000,1f46683aaa4980b7
sequential,1,1000,1000.0000,1000.0000,500,0.370396,0.377821,0.370396,0.000000,0.000000,0.000000,false,1000,1000,1.0000,1.0000,1f46683aaa4980b7
distributed,1,1000,1000.0000,1000.0000,500,0.354297,0.354399,0.352706,0.000000,0.001581,0.000011,false,1000,1000,1.0000,1.0000,1f46683aaa4980b7
distributed,1,1000,1000.0000,1000.0000,500,0.355123,0.355228,0.353477,0.000000,0.001634,0.000012,false,1000,1000,1.0000,1.0000,1f46683aaa4980b7
distributed,1,1000,1000.0000,1000.0000,500,0.352923,0.353029,0.351348,0.000000,0.001564,0.000011,false,1000,1000,1.0000,1.0000,1f46683aaa4980b7
distributed,1,1000,1000.0000,1000.0000,500,0.360307,0.360399,0.358675,0.000000,0.001622,0.000010,false,1000,1000,1.0000,1.0000,1f46683aaa4980b7
distributed,1,1000,1000.0000,1000.0000,500,0.361528,0.361638,0.359951,0.000000,0.001565,0.000012,false,1000,1000,1.0000,1.0000,1f46683aaa4980b7
distributed,1,1000,1000.0000,1000.0000,500,0.363768,0.363884,0.362140,0.000013,0.001607,0.000009,true,1000,1000,1.0000,1.0000,1f46683aaa4980b7
distributed,1,1000,1000.0000,1000.0000,500,0.358808,0.358926,0.357161,0.000011,0.001628,0.000008,true,1000,1000,1.0000,1.0000,1f46683aaa4980b7
distributed,1,1000,1000.0000,1000.0000,500,0.375080,0.375206,0.373313,0.000022,0.001735,0.000010,true,1000,1000,1.0000,1.0000,1f46683aaa4980b7
distributed,2,1000,1000.0000,1000.0000,500,0.215406,0.215485,0.210025,0.000000,0.051666,0.000809,false,486,514,1.1198,1.2260,1f46683aaa4980b7
distributed,2,1000,1000.0000,1000.0000,500,0.213219,0.213296,0.207444,0.000000,0.051652,0.000780,false,486,514,1.1198,1.2260,1f46683aaa4980b7
distributed,2,1000,1000.0000,1000.0000,500,0.213745,0.213824,0.207401,0.000000,0.048791,0.000813,false,486,514,1.1198,1.2260,1f46683aaa4980b7
distributed,2,1000,1000.0000,1000.0000,500,0.213469,0.213544,0.207913,0.000000,0.050191,0.000816,false,486,514,1.1198,1.2260,1f46683aaa4980b7
distributed,2,1000,1000.0000,1000.0000,500,0.214174,0.214258,0.208235,0.000000,0.049738,0.000741,false,486,514,1.1198,1.2260,1f46683aaa4980b7
distributed,2,1000,1000.0000,1000.0000,500,0.210508,0.210600,0.204715,0.043841,0.003388,0.000133,true,486,514,1.1198,1.2260,1f46683aaa4980b7
distributed,2,1000,1000.0000,1000.0000,500,0.214975,0.215067,0.208799,0.046255,0.004018,0.000164,true,486,514,1.1198,1.2260,1f46683aaa4980b7
distributed,2,1000,1000.0000,1000.0000,500,0.212064,0.212178,0.205557,0.046609,0.004056,0.000207,true,486,514,1.1198,1.2260,1f46683aaa4980b7
distributed,4,1000,1000.0000,1000.0000,500,0.133082,0.133188,0.123972,0.000000,0.072939,0.001223,false,192,294,1.3042,1.4400,1f46683aaa4980b7
distributed,4,1000,1000.0000,1000.0000,500,0.132320,0.132418,0.123972,0.000000,0.071527,0.001078,false,192,294,1.3042,1.4400,1f46683aaa4980b7
distributed,4,1000,1000.0000,1000.0000,500,0.129472,0.129563,0.123318,0.000000,0.070031,0.000912,false,192,294,1.3042,1.4400,1f46683aaa4980b7
distributed,4,1000,1000.0000,1000.0000,500,0.131053,0.131166,0.123686,0.000000,0.072013,0.001045,false,192,294,1.3042,1.4400,1f46683aaa4980b7
distributed,4,1000,1000.0000,1000.0000,500,0.128707,0.128799,0.122900,0.000000,0.070096,0.001199,false,192,294,1.3042,1.4400,1f46683aaa4980b7
distributed,4,1000,1000.0000,1000.0000,500,0.130832,0.130950,0.123343,0.066556,0.004177,0.000917,true,192,294,1.3042,1.4400,1f46683aaa4980b7
distributed,4,1000,1000.0000,1000.0000,500,0.129329,0.129432,0.122973,0.067111,0.004008,0.001379,true,192,294,1.3042,1.4400,1f46683aaa4980b7
distributed,4,1000,1000.0000,1000.0000,500,0.126598,0.126700,0.119957,0.064871,0.003365,0.000732,true,192,294,1.3042,1.4400,1f46683aaa4980b7
distributed,5,1000,1000.0000,1000.0000,500,0.152164,0.152298,0.099068,0.000000,0.090967,0.002701,false,41,296,1.2356,1.4800,1f46683aaa4980b7
distributed,5,1000,1000.0000,1000.0000,500,0.151445,0.151609,0.095736,0.000000,0.083607,0.001955,false,41,296,1.2356,1.4800,1f46683aaa4980b7
distributed,5,1000,1000.0000,1000.0000,500,0.156331,0.156471,0.095803,0.000000,0.091862,0.002468,false,41,296,1.2356,1.4800,1f46683aaa4980b7
distributed,5,1000,1000.0000,1000.0000,500,0.140196,0.140359,0.092760,0.000000,0.077357,0.002243,false,41,296,1.2356,1.4800,1f46683aaa4980b7
distributed,5,1000,1000.0000,1000.0000,500,0.146078,0.146230,0.106357,0.000000,0.086525,0.002147,false,41,296,1.2356,1.4800,1f46683aaa4980b7
distributed,5,1000,1000.0000,1000.0000,500,0.150701,0.150868,0.098402,0.083551,0.005189,0.001959,true,41,296,1.2356,1.4800,1f46683aaa4980b7
distributed,5,1000,1000.0000,1000.0000,500,0.145320,0.145494,0.093157,0.076034,0.005389,0.002079,true,41,296,1.2356,1.4800,1f46683aaa4980b7
distributed,5,1000,1000.0000,1000.0000,500,0.166163,0.166315,0.098290,0.102081,0.008167,0.002168,true,41,296,1.2356,1.4800,1f46683aaa4980b7
distributed,8,1000,1000.0000,1000.0000,500,0.159235,0.159420,0.107700,0.000000,0.125044,0.030778,false,14,223,1.6438,2.0960,1f46683aaa4980b7
distributed,8,1000,1000.0000,1000.0000,500,0.164544,0.164741,0.108133,0.000000,0.127791,0.025246,false,14,223,1.6438,2.0960,1f46683aaa4980b7
distributed,8,1000,1000.0000,1000.0000,500,0.158551,0.158731,0.103524,0.000000,0.124117,0.023803,false,14,223,1.6438,2.0960,1f46683aaa4980b7
distributed,8,1000,1000.0000,1000.0000,500,0.157586,0.157789,0.109682,0.000000,0.124525,0.025385,false,14,223,1.6438,2.0960,1f46683aaa4980b7
distributed,8,1000,1000.0000,1000.0000,500,0.153724,0.153910,0.104776,0.000000,0.122240,0.024996,false,14,223,1.6438,2.0960,1f46683aaa4980b7
distributed,8,1000,1000.0000,1000.0000,500,0.154736,0.154912,0.103337,0.130710,0.005229,0.002410,true,14,223,1.6438,2.0960,1f46683aaa4980b7
distributed,8,1000,1000.0000,1000.0000,500,0.162596,0.162779,0.108472,0.136820,0.006191,0.002336,true,14,223,1.6438,2.0960,1f46683aaa4980b7
distributed,8,1000,1000.0000,1000.0000,500,0.158997,0.159183,0.099756,0.132778,0.005483,0.001797,true,14,223,1.6438,2.0960,1f46683aaa4980b7
distributed,10,1000,1000.0000,1000.0000,500,0.264497,0.282037,0.107417,0.000000,0.169202,0.105042,false,2,171,1.7624,2.3200,1f46683aaa4980b7
distributed,10,1000,1000.0000,1000.0000,500,0.171610,0.172485,0.104204,0.000000,0.115238,0.053946,false,2,171,1.7624,2.3200,1f46683aaa4980b7
distributed,10,1000,1000.0000,1000.0000,500,0.146361,0.147238,0.097732,0.000000,0.109909,0.035769,false,2,171,1.7624,2.3200,1f46683aaa4980b7
distributed,10,1000,1000.0000,1000.0000,500,0.157866,0.158984,0.100173,0.000000,0.114980,0.035581,false,2,171,1.7624,2.3200,1f46683aaa4980b7
distributed,10,1000,1000.0000,1000.0000,500,0.140261,0.141143,0.100374,0.000000,0.108883,0.027477,false,2,171,1.7624,2.3200,1f46683aaa4980b7
distributed,10,1000,1000.0000,1000.0000,500,0.155577,0.156532,0.094717,0.126061,0.009311,0.005658,true,2,171,1.7624,2.3200,1f46683aaa4980b7
distributed,10,1000,1000.0000,1000.0000,500,0.160200,0.161214,0.100460,0.122846,0.015331,0.009265,true,2,171,1.7624,2.3200,1f46683aaa4980b7
distributed,10,1000,1000.0000,1000.0000,500,0.141197,0.142033,0.093114,0.114157,0.006038,0.003526,true,2,171,1.7624,2.3200,1f46683aaa4980b7
sequential,1,2000,1000.0000,1000.0000,500,1.102810,1.124429,1.102810,0.000000,0.000000,0.000000,false,2000,2000,1.0000,1.0000,79bca07da141004a
sequential,1,2000,1000.0000,1000.0000,500,1.093184,1.114737,1.093184,0.000000,0.000000,0.000000,false,2000,2000,1.0000,1.0000,79bca07da141004a
sequential,1,2000,1000.0000,1000.0000,500,1.107475,1.129031,1.107475,0.000000,0.000000,0.000000,false,2000,2000,1.0000,1.0000,79bca07da141004a
sequential,1,2000,1000.0000,1000.0000,500,1.085399,1.106874,1.085399,0.000000,0.000000,0.000000,false,2000,2000,1.0000,1.0000,79bca07da141004a
sequential,1,2000,1000.0000,1000.0000,500,1.127366,1.149122,1.127366,0.000000,0.000000,0.000000,false,2000,2000,1.0000,1.0000,79bca07da141004a
distributed,1,2000,1000.0000,1000.0000,500,1.052334,1.052429,1.049756,0.000000,0.002569,0.000010,false,2000,2000,1.0000,1.0000,79bca07da141004a
distributed,1,2000,1000.0000,1000.0000,500,1.054130,1.054205,1.051584,0.000000,0.002535,0.000011,false,2000,2000,1.0000,1.0000,79bca07da141004a
distributed,1,2000,1000.0000,1000.0000,500,1.063323,1.063411,1.060750,0.000000,0.002561,0.000012,false,2000,2000,1.0000,1.0000,79bca07da141004a
distributed,1,2000,1000.0000,1000.0000,500,1.068661,1.068752,1.066102,0.000000,0.002548,0.000011,false,2000,2000,1.0000,1.0000,79bca07da141004a
distributed,1,2000,1000.0000,1000.0000,500,1.063384,1.063493,1.060769,0.000000,0.002603,0.000012,false,2000,2000,1.0000,1.0000,79bca07da141004a
distributed,1,2000,1000.0000,1000.0000,500,1.066002,1.066093,1.063450,0.000012,0.002532,0.000008,true,2000,2000,1.0000,1.0000,79bca07da141004a
distributed,1,2000,1000.0000,1000.0000,500,1.061948,1.062040,1.059399,0.000013,0.002527,0.000009,true,2000,2000,1.0000,1.0000,79bca07da141004a
distributed,1,2000,1000.0000,1000.0000,500,1.056478,1.056568,1.053953,0.000012,0.002505,0.000008,true,2000,2000,1.0000,1.0000,79bca07da141004a
distributed,2,2000,1000.0000,1000.0000,500,0.630597,0.630683,0.624214,0.000000,0.185135,0.000131,false,772,1228,1.1357,1.2280,79bca07da141004a
distributed,2,2000,1000.0000,1000.0000,500,0.624586,0.624671,0.617346,0.000000,0.176378,0.000134,false,772,1228,1.1357,1.2280,79bca07da141004a
distributed,2,2000,1000.0000,1000.0000,500,0.625094,0.625165,0.618551,0.000000,0.179654,0.000127,false,772,1228,1.1357,1.2280,79bca07da141004a
distributed,2,2000,1000.0000,1000.0000,500,0.643420,0.643513,0.632686,0.000000,0.175928,0.000137,false,772,1228,1.1357,1.2280,79bca07da141004a
distributed,2,2000,1000.0000,1000.0000,500,0.629979,0.630050,0.623803,0.000000,0.188416,0.000136,false,772,1228,1.1357,1.2280,79bca07da141004a
distributed,2,2000,1000.0000,1000.0000,500,0.621397,0.621479,0.614339,0.172132,0.005548,0.000120,true,772,1228,1.1357,1.2280,79bca07da141004a
distributed,2,2000,1000.0000,1000.0000,500,0.627592,0.627687,0.621142,0.178381,0.005649,0.000133,true,772,1228,1.1357,1.2280,79bca07da141004a
distributed,2,2000,1000.0000,1000.0000,500,0.632643,0.632727,0.626591,0.187113,0.005647,0.000129,true,772,1228,1.1357,1.2280,79bca07da141004a
distributed,4,2000,1000.0000,1000.0000,500,0.413095,0.413183,0.406241,0.000000,0.220626,0.000739,false,305,923,1.4222,1.8460,79bca07da141004a
distributed,4,2000,1000.0000,1000.0000,500,0.415999,0.416095,0.409845,0.000000,0.219232,0.001405,false,305,923,1.4222,1.8460,79bca07da141004a
distributed,4,2000,1000.0000,1000.0000,500,0.423559,0.423656,0.417060,0.000000,0.231846,0.000788,false,305,923,1.4222,1.8460,79bca07da141004a
distributed,4,2000,1000.0000,1000.0000,500,0.418441,0.418515,0.411663,0.000000,0.226848,0.000854,false,305,923,1.4222,1.8460,79bca07da141004a
distributed,4,2000,1000.0000,1000.0000,500,0.422463,0.422535,0.415401,0.000000,0.224506,0.001486,false,305,923,1.4222,1.8460,79bca07da141004a
distributed,4,2000,1000.0000,1000.0000,500,0.417883,0.417972,0.411012,0.220990,0.005264,0.001403,true,305,923,1.4222,1.8460,79bca07da141004a
distributed,4,2000,1000.0000,1000.0000,500,0.424674,0.424759,0.417758,0.218541,0.005265,0.001733,true,305,923,1.4222,1.8460,79bca07da141004a
distributed,4,2000,1000.0000,1000.0000,500,0.430066,0.430174,0.423373,0.228559,0.005133,0.001586,true,305,923,1.4222,1.8460,79bca07da141004a
distributed,5,2000,1000.0000,1000.0000,500,0.429503,0.429660,0.368157,0.000000,0.287583,0.002134,false,198,753,1.3969,1.8825,79bca07da141004a
distributed,5,2000,1000.0000,1000.0000,500,0.427356,0.427509,0.382918,0.000000,0.281938,0.002832,false,198,753,1.3969,1.8825,79bca07da141004a
distributed,5,2000,1000.0000,1000.0000,500,0.430994,0.431160,0.370509,0.000000,0.287111,0.002607,false,198,753,1.3969,1.8825,79bca07da141004a
distributed,5,2000,1000.0000,1000.0000,500,0.438526,0.438697,0.378780,0.000000,0.274436,0.005966,false,198,753,1.3969,1.8825,79bca07da141004a
distributed,5,2000,1000.0000,1000.0000,500,0.444285,0.444461,0.382759,0.000000,0.296136,0.002714,false,198,753,1.3969,1.8825,79bca07da141004a
distributed,5,2000,1000.0000,1000.0000,500,0.437841,0.437997,0.369659,0.284586,0.007648,0.002900,true,198,753,1.3969,1.8825,79bca07da141004a
distributed,5,2000,1000.0000,1000.0000,500,0.447879,0.448067,0.389037,0.298372,0.007715,0.003042,true,198,753,1.3969,1.8825,79bca07da141004a
distributed,5,2000,1000.0000,1000.0000,500,0.437558,0.437758,0.375572,0.274264,0.007376,0.002797,true,198,753,1.3969,1.8825,79bca07da141004a
distributed,8,2000,1000.0000,1000.0000,500,0.378759,0.378978,0.291643,0.000000,0.239483,0.107967,false,94,541,1.5594,2.1640,79bca07da141004a
distributed,8,2000,1000.0000,1000.0000,500,0.383970,0.384202,0.294054,0.000000,0.244002,0.095732,false,94,541,1.5594,2.1640,79bca07da141004a
distributed,8,2000,1000.0000,1000.0000,500,0.385838,0.386046,0.294501,0.000000,0.244998,0.105918,false,94,541,1.5594,2.1640,79bca07da141004a
distributed,8,2000,1000.0000,1000.0000,500,0.391872,0.392103,0.304212,0.000000,0.248710,0.112250,false,94,541,1.5594,2.1640,79bca07da141004a
distributed,8,2000,1000.0000,1000.0000,500,0.386905,0.387122,0.291608,0.000000,0.236767,0.109882,false,94,541,1.5594,2.1640,79bca07da141004a
distributed,8,2000,1000.0000,1000.0000,500,0.397489,0.397718,0.307193,0.260913,0.014634,0.007799,true,94,541,1.5594,2.1640,79bca07da141004a
distributed,8,2000,1000.0000,1000.0000,500,0.383452,0.383669,0.293134,0.255422,0.008627,0.003166,true,94,541,1.5594,2.1640,79bca07da141004a
distributed,8,2000,1000.0000,1000.0000,500,0.385404,0.385630,0.301375,0.253524,0.008718,0.003744,true,94,541,1.5594,2.1640,79bca07da141004a
distributed,10,2000,1000.0000,1000.0000,500,0.352177,0.353259,0.256449,0.000000,0.215616,0.094394,false,70,469,1.6085,2.3450,79bca07da141004a
distributed,10,2000,1000.0000,1000.0000,500,0.340422,0.341371,0.256272,0.000000,0.212159,0.095658,false,70,469,1.6085,2.3450,79bca07da141004a
distributed,10,2000,1000.0000,1000.0000,500,0.340957,0.342224,0.245954,0.000000,0.204640,0.088990,false,70,469,1.6085,2.3450,79bca07da141004a
distributed,10,2000,1000.0000,1000.0000,500,0.342360,0.343239,0.246229,0.000000,0.214761,0.086429,false,70,469,1.6085,2.3450,79bca07da141004a
distributed,10,2000,1000.0000,1000.0000,500,0.365937,0.366964,0.260383,0.000000,0.220099,0.111430,false,70,469,1.6085,2.3450,79bca07da141004a
distributed,10,2000,1000.0000,1000.0000,500,0.349245,0.349921,0.251096,0.246158,0.010017,0.005136,true,70,469,1.6085,2.3450,79bca07da141004a
distributed,10,2000,1000.0000,1000.0000,500,0.365804,0.366800,0.254880,0.251271,0.013077,0.010441,true,70,469,1.6085,2.3450,79bca07da141004a
distributed,10,2000,1000.0000,1000.0000,500,0.353283,0.354085,0.249599,0.244847,0.013139,0.006564,true,70,469,1.6085,2.3450,79bca07da141004a
sequential,1,4000,1000.0000,1000.0000,500,3.533141,3.603127,3.533141,0.000000,0.000000,0.000000,false,4000,4000,1.0000,1.0000,31ac2fb2ea46e567
sequential,1,4000,1000.0000,1000.0000,500,3.529014,3.598905,3.529014,0.000000,0.000000,0.000000,false,4000,4000,1.0000,1.0000,31ac2fb2ea46e567
sequential,1,4000,1000.0000,1000.0000,500,3.520235,3.590213,3.520235,0.000000,0.000000,0.000000,false,4000,4000,1.0000,1.0000,31ac2fb2ea46e567
sequential,1,4000,1000.0000,1000.0000,500,3.508558,3.578663,3.508558,0.000000,0.000000,0.000000,false,4000,4000,1.0000,1.0000,31ac2fb2ea46e567
sequential,1,4000,1000.0000,1000.0000,500,3.520838,3.590777,3.520838,0.000000,0.000000,0.000000,false,4000,4000,1.0000,1.0000,31ac2fb2ea46e567
distributed,1,4000,1000.0000,1000.0000,500,3.461468,3.461592,3.456902,0.000000,0.004545,0.000021,false,4000,4000,1.0000,1.0000,31ac2fb2ea46e567
distributed,1,4000,1000.0000,1000.0000,500,3.461757,3.461869,3.457298,0.000000,0.004445,0.000014,false,4000,4000,1.0000,1.0000,31ac2fb2ea46e567
distributed,1,4000,1000.0000,1000.0000,500,3.482404,3.482533,3.477788,0.000000,0.004598,0.000019,false,4000,4000,1.0000,1.0000,31ac2fb2ea46e567
distributed,1,4000,1000.0000,1000.0000,500,3.467822,3.467949,3.463267,0.000000,0.004535,0.000019,false,4000,4000,1.0000,1.0000,31ac2fb2ea46e567
distributed,1,4000,1000.0000,1000.0000,500,3.441203,3.441329,3.436646,0.000000,0.004538,0.000018,false,4000,4000,1.0000,1.0000,31ac2fb2ea46e567
distributed,1,4000,1000.0000,1000.0000,500,3.454464,3.454585,3.449942,0.000014,0.004500,0.000009,true,4000,4000,1.0000,1.0000,31ac2fb2ea46e567
distributed,1,4000,1000.0000,1000.0000,500,3.496677,3.496818,3.492056,0.000024,0.004589,0.000008,true,4000,4000,1.0000,1.0000,31ac2fb2ea46e567
distributed,1,4000,1000.0000,1000.0000,500,3.469551,3.469689,3.465022,0.000020,0.004500,0.000009,true,4000,4000,1.0000,1.0000,31ac2fb2ea46e567
distributed,2,4000,1000.0000,1000.0000,500,2.205535,2.205626,2.193877,0.000000,0.956219,0.000266,false,1195,2805,1.1976,1.4025,31ac2fb2ea46e567
distributed,2,4000,1000.0000,1000.0000,500,2.195814,2.195918,2.183266,0.000000,0.943022,0.000298,false,1195,2805,1.1976,1.4025,31ac2fb2ea46e567
distributed,2,4000,1000.0000,1000.0000,500,2.195068,2.195154,2.181867,0.000000,0.947187,0.000262,false,1195,2805,1.1976,1.4025,31ac2fb2ea46e567
distributed,2,4000,1000.0000,1000.0000,500,2.198372,2.198479,2.185824,0.000000,0.945303,0.000267,false,1195,2805,1.1976,1.4025,31ac2fb2ea46e567
distributed,2,4000,1000.0000,1000.0000,500,2.204012,2.204110,2.186905,0.000000,0.938446,0.000278,false,1195,2805,1.1976,1.4025,31ac2fb2ea46e567
distributed,2,4000,1000.0000,1000.0000,500,2.180850,2.180946,2.167735,0.928272,0.011389,0.000234,true,1195,2805,1.1976,1.4025,31ac2fb2ea46e567
distributed,2,4000,1000.0000,1000.0000,500,2.211333,2.211452,2.197887,0.940308,0.012080,0.000272,true,1195,2805,1.1976,1.4025,31ac2fb2ea46e567
distributed,2,4000,1000.0000,1000.0000,500,2.210612,2.210719,2.196725,0.928197,0.011860,0.000324,true,1195,2805,1.1976,1.4025,31ac2fb2ea46e567
distributed,4,4000,1000.0000,1000.0000,500,1.503655,1.503804,1.490642,0.000000,0.864648,0.001375,false,422,1760,1.4216,1.7600,31ac2fb2ea46e567
distributed,4,4000,1000.0000,1000.0000,500,1.551061,1.551190,1.539231,0.000000,0.905686,0.001703,false,422,1760,1.4216,1.7600,31ac2fb2ea46e567
distributed,4,4000,1000.0000,1000.0000,500,1.565219,1.565343,1.553239,0.000000,0.910038,0.001388,false,422,1760,1.4216,1.7600,31ac2fb2ea46e567
distributed,4,4000,1000.0000,1000.0000,500,1.604468,1.604616,1.576362,0.000000,0.921673,0.007967,false,422,1760,1.4216,1.7600,31ac2fb2ea46e567
distributed,4,4000,1000.0000,1000.0000,500,1.589940,1.590069,1.569705,0.000000,0.919824,0.001730,false,422,1760,1.4216,1.7600,31ac2fb2ea46e567
distributed,4,4000,1000.0000,1000.0000,500,1.584262,1.584409,1.572231,0.907319,0.011021,0.000704,true,422,1760,1.4216,1.7600,31ac2fb2ea46e567
distributed,4,4000,1000.0000,1000.0000,500,1.625487,1.625639,1.612215,0.921896,0.011962,0.000729,true,422,1760,1.4216,1.7600,31ac2fb2ea46e567
distributed,4,4000,1000.0000,1000.0000,500,1.622864,1.623006,1.610599,0.930280,0.010930,0.000732,true,422,1760,1.4216,1.7600,31ac2fb2ea46e567
distributed,5,4000,1000.0000,1000.0000,500,1.652670,1.652950,1.607575,0.000000,1.088205,0.003649,false,370,1495,1.5455,1.9275,31ac2fb2ea46e567
distributed,5,4000,1000.0000,1000.0000,500,1.663127,1.663382,1.609556,0.000000,1.070921,0.011553,false,370,1495,1.5455,1.9275,31ac2fb2ea46e567
distributed,5,4000,1000.0000,1000.0000,500,1.662556,1.662818,1.617980,0.000000,1.089622,0.003434,false,370,1495,1.5455,1.9275,31ac2fb2ea46e567
distributed,5,4000,1000.0000,1000.0000,500,1.686647,1.686887,1.639338,0.000000,1.107861,0.003657,false,370,1495,1.5455,1.9275,31ac2fb2ea46e567
distributed,5,4000,1000.0000,1000.0000,500,1.701932,1.702253,1.622924,0.000000,1.094374,0.015889,false,370,1495,1.5455,1.9275,31ac2fb2ea46e567
distributed,5,4000,1000.0000,1000.0000,500,1.688273,1.688507,1.641924,1.110068,0.015727,0.002684,true,370,1495,1.5455,1.9275,31ac2fb2ea46e567
distributed,5,4000,1000.0000,1000.0000,500,1.689352,1.689618,1.640970,1.074326,0.015320,0.002568,true,370,1495,1.5455,1.9275,31ac2fb2ea46e567
distributed,5,4000,1000.0000,1000.0000,500,1.712061,1.712331,1.665256,1.110237,0.017621,0.002900,true,370,1495,1.5455,1.9275,31ac2fb2ea46e567
distributed,8,4000,1000.0000,1000.0000,500,1.473403,1.473679,1.422836,0.000000,1.186266,0.510449,false,5,904,1.7990,2.2560,31ac2fb2ea46e567
distributed,8,4000,1000.0000,1000.0000,500,1.502064,1.502346,1.453287,0.000000,1.217124,0.519106,false,5,904,1.7990,2.2560,31ac2fb2ea46e567
distributed,8,4000,1000.0000,1000.0000,500,1.529588,1.529872,1.487680,0.000000,1.246007,0.548775,false,5,904,1.7990,2.2560,31ac2fb2ea46e567
distributed,8,4000,1000.0000,1000.0000,500,1.505481,1.505773,1.458955,0.000000,1.223534,0.543787,false,5,904,1.7990,2.2560,31ac2fb2ea46e567
distributed,8,4000,1000.0000,1000.0000,500,1.500494,1.500757,1.460840,0.000000,1.217939,0.537114,false,5,904,1.7990,2.2560,31ac2fb2ea46e567
distributed,8,4000,1000.0000,1000.0000,500,1.510317,1.510585,1.460593,1.212621,0.022816,0.006595,true,5,904,1.7990,2.2560,31ac2fb2ea46e567
distributed,8,4000,1000.0000,1000.0000,500,1.511752,1.512046,1.448607,1.209972,0.032121,0.014326,true,5,904,1.7990,2.2560,31ac2fb2ea46e567
distributed,8,4000,1000.0000,1000.0000,500,1.530972,1.531292,1.486404,1.237267,0.018418,0.004787,true,5,904,1.7990,2.2560,31ac2fb2ea46e567
distributed,10,4000,1000.0000,1000.0000,500,1.480888,1.485474,1.314612,0.000000,1.184749,0.615110,false,13,844,1.8760,2.3425,31ac2fb2ea46e567
distributed,10,4000,1000.0000,1000.0000,500,1.464329,1.467837,1.288244,0.000000,1.163178,0.583425,false,13,844,1.8760,2.3425,31ac2fb2ea46e567
distributed,10,4000,1000.0000,1000.0000,500,1.478546,1.479822,1.341057,0.000000,1.202604,0.628285,false,13,844,1.8760,2.3425,31ac2fb2ea46e567
distributed,10,4000,1000.0000,1000.0000,500,1.500379,1.504788,1.326798,0.000000,1.181180,0.647307,false,13,844,1.8760,2.3425,31ac2fb2ea46e567
distributed,10,4000,1000.0000,1000.0000,500,1.438743,1.441004,1.331813,0.000000,1.182405,0.659174,false,13,844,1.8760,2.3425,31ac2fb2ea46e567
distributed,10,4000,1000.0000,1000.0000,500,1.388066,1.389646,1.305997,1.161574,0.024063,0.010625,true,13,844,1.8760,2.3425,31ac2fb2ea46e567
distributed,10,4000,1000.0000,1000.0000,500,1.500780,1.503130,1.342997,1.221389,0.062274,0.058486,true,13,844,1.8760,2.3425,31ac2fb2ea46e567
distributed,10,4000,1000.0000,1000.0000,500,1.480168,1.481705,1.329975,1.214912,0.055793,0.030418,true,13,844,1.8760,2.3425,31ac2fb2ea46e567
sequential,1,8000,1000.0000,1000.0000,500,9.905786,10.100837,9.905786,0.000000,0.000000,0.000000,false,8000,8000,1.0000,1.0000,58ee24433ed7dd47
sequential,1,8000,1000.0000,1000.0000,500,9.953296,10.150319,9.953296,0.000000,0.000000,0.000000,false,8000,8000,1.0000,1.0000,58ee24433ed7dd47
sequential,1,8000,1000.0000,1000.0000,500,9.890020,10.084755,9.890020,0.000000,0.000000,0.000000,false,8000,8000,1.0000,1.0000,58ee24433ed7dd47
sequential,1,8000,1000.0000,1000.0000,500,9.884274,10.079649,9.884274,0.000000,0.000000,0.000000,false,8000,8000,1.0000,1.0000,58ee24433ed7dd47
sequential,1,8000,1000.0000,1000.0000,500,9.876132,10.071995,9.876132,0.000000,0.000000,0.000000,false,8000,8000,1.0000,1.0000,58ee24433ed7dd47
distributed,1,8000,1000.0000,1000.0000,500,9.778692,9.778866,9.770207,0.000000,0.008446,0.000039,false,8000,8000,1.0000,1.0000,58ee24433ed7dd47
distributed,1,8000,1000.0000,1000.0000,500,9.808436,9.808600,9.799918,0.000000,0.008478,0.000040,false,8000,8000,1.0000,1.0000,58ee24433ed7dd47
distributed,1,8000,1000.0000,1000.0000,500,9.770401,9.770548,9.761986,0.000000,0.008386,0.000029,false,8000,8000,1.0000,1.0000,58ee24433ed7dd47
distributed,1,8000,1000.0000,1000.0000,500,9.779608,9.779767,9.771194,0.000000,0.008385,0.000030,false,8000,8000,1.0000,1.0000,58ee24433ed7dd47
distributed,1,8000,1000.0000,1000.0000,500,9.820025,9.820181,9.811517,0.000000,0.008478,0.000030,false,8000,8000,1.0000,1.0000,58ee24433ed7dd47
distributed,1,8000,1000.0000,1000.0000,500,9.795405,9.795583,9.787019,0.000029,0.008348,0.000009,true,8000,8000,1.0000,1.0000,58ee24433ed7dd47
distributed,1,8000,1000.0000,1000.0000,500,9.749952,9.750125,9.741512,0.000037,0.008394,0.000009,true,8000,8000,1.0000,1.0000,58ee24433ed7dd47
distributed,1,8000,1000.0000,1000.0000,500,9.781896,9.782071,9.773411,0.000035,0.008441,0.000009,true,8000,8000,1.0000,1.0000,58ee24433ed7dd47
distributed,2,8000,1000.0000,1000.0000,500,5.745724,5.745849,5.721758,0.000000,1.632948,0.000278,false,3233,4767,1.1003,1.1985,58ee24433ed7dd47
distributed,2,8000,1000.0000,1000.0000,500,5.727936,5.728073,5.701715,0.000000,1.622012,0.000260,false,3233,4767,1.1003,1.1985,58ee24433ed7dd47
distributed,2,8000,1000.0000,1000.0000,500,5.749541,5.749662,5.721036,0.000000,1.620851,0.000292,false,3233,4767,1.1003,1.1985,58ee24433ed7dd47
distributed,2,8000,1000.0000,1000.0000,500,5.743822,5.743950,5.721839,0.000000,1.672552,0.000261,false,3233,4767,1.1003,1.1985,58ee24433ed7dd47
distributed,2,8000,1000.0000,1000.0000,500,5.745219,5.745344,5.722293,0.000000,1.661830,0.000215,false,3233,4767,1.1003,1.1985,58ee24433ed7dd47
distributed,2,8000,1000.0000,1000.0000,500,5.762779,5.762918,5.737301,1.650556,0.018019,0.000207,true,3233,4767,1.1003,1.1985,58ee24433ed7dd47
distributed,2,8000,1000.0000,1000.0000,500,5.752146,5.752277,5.731869,1.672930,0.017670,0.000206,true,3233,4767,1.1003,1.1985,58ee24433ed7dd47
distributed,2,8000,1000.0000,1000.0000,500,5.773290,5.773423,5.751713,1.655978,0.018251,0.000233,true,3233,4767,1.1003,1.1985,58ee24433ed7dd47
distributed,4,8000,1000.0000,1000.0000,500,3.327621,3.327768,3.245544,0.000000,1.095380,0.001733,false,1121,2478,1.1216,1.2390,58ee24433ed7dd47
distributed,4,8000,1000.0000,1000.0000,500,3.385851,3.385998,3.311659,0.000000,1.122627,0.001687,false,1121,2478,1.1216,1.2390,58ee24433ed7dd47
distributed,4,8000,1000.0000,1000.0000,500,3.422683,3.422817,3.344959,0.000000,1.128472,0.001665,false,1121,2478,1.1216,1.2390,58ee24433ed7dd47
distributed,4,8000,1000.0000,1000.0000,500,3.429222,3.429395,3.355919,0.000000,1.115537,0.001673,false,1121,2478,1.1216,1.2390,58ee24433ed7dd47
distributed,4,8000,1000.0000,1000.0000,500,3.476091,3.476252,3.375696,0.000000,1.133229,0.005750,false,1121,2478,1.1216,1.2390,58ee24433ed7dd47
distributed,4,8000,1000.0000,1000.0000,500,3.491819,3.491971,3.398477,1.131066,0.017325,0.001141,true,1121,2478,1.1216,1.2390,58ee24433ed7dd47
distributed,4,8000,1000.0000,1000.0000,500,3.537588,3.537752,3.456524,1.132516,0.016541,0.000606,true,1121,2478,1.1216,1.2390,58ee24433ed7dd47
distributed,4,8000,1000.0000,1000.0000,500,3.560699,3.560852,3.466986,1.138571,0.017378,0.001138,true,1121,2478,1.1216,1.2390,58ee24433ed7dd47
distributed,5,8000,1000.0000,1000.0000,500,3.696250,3.696556,3.360185,0.000000,1.624882,0.004450,false,978,1986,1.1737,1.3019,58ee24433ed7dd47
distributed,5,8000,1000.0000,1000.0000,500,3.638805,3.639115,3.267886,0.000000,1.549428,0.005886,false,978,1986,1.1737,1.3019,58ee24433ed7dd47
distributed,5,8000,1000.0000,1000.0000,500,3.596928,3.597218,3.292076,0.000000,1.464806,0.004613,false,978,1986,1.1737,1.3019,58ee24433ed7dd47
distributed,5,8000,1000.0000,1000.0000,500,3.623879,3.624181,3.320179,0.000000,1.520873,0.003507,false,978,1986,1.1737,1.3019,58ee24433ed7dd47
distributed,5,8000,1000.0000,1000.0000,500,3.661340,3.661632,3.282397,0.000000,1.547639,0.004889,false,978,1986,1.1737,1.3019,58ee24433ed7dd47
distributed,5,8000,1000.0000,1000.0000,500,3.604272,3.604573,3.258621,1.463573,0.026887,0.004475,true,978,1986,1.1737,1.3019,58ee24433ed7dd47
distributed,5,8000,1000.0000,1000.0000,500,3.632735,3.633042,3.311294,1.476867,0.025463,0.003632,true,978,1986,1.1737,1.3019,58ee24433ed7dd47
distributed,5,8000,1000.0000,1000.0000,500,3.695687,3.696020,3.355130,1.572803,0.027522,0.003229,true,978,1986,1.1737,1.3019,58ee24433ed7dd47
distributed,8,8000,1000.0000,1000.0000,500,2.973437,2.973748,2.552073,0.000000,1.516054,0.210348,false,531,1352,1.2115,1.3690,58ee24433ed7dd47
distributed,8,8000,1000.0000,1000.0000,500,2.971502,2.971807,2.500169,0.000000,1.504285,0.208880,false,531,1352,1.2115,1.3690,58ee24433ed7dd47
distributed,8,8000,1000.0000,1000.0000,500,3.043320,3.043662,2.532876,0.000000,1.566597,0.208890,false,531,1352,1.2115,1.3690,58ee24433ed7dd47
distributed,8,8000,1000.0000,1000.0000,500,3.087335,3.087131,2.550589,0.000000,1.586300,0.260869,false,531,1352,1.2115,1.3690,58ee24433ed7dd47
distributed,8,8000,1000.0000,1000.0000,500,2.948773,2.949164,2.499938,0.000000,1.483061,0.178586,false,531,1352,1.2115,1.3690,58ee24433ed7dd47
distributed,8,8000,1000.0000,1000.0000,500,3.035430,3.035805,2.555700,1.579813,0.036095,0.011660,true,531,1352,1.2115,1.3690,58ee24433ed7dd47
distributed,8,8000,1000.0000,1000.0000,500,2.994169,2.994496,2.528207,1.523825,0.033701,0.006993,true,531,1352,1.2115,1.3690,58ee24433ed7dd47
distributed,8,8000,1000.0000,1000.0000,500,3.083945,3.084285,2.546237,1.598171,0.057033,0.012011,true,531,1352,1.2115,1.3690,58ee24433ed7dd47
distributed,10,8000,1000.0000,1000.0000,500,2.656319,2.659361,2.146873,0.000000,1.334549,0.249991,false,426,1163,1.2810,1.4538,58ee24433ed7dd47
distributed,10,8000,1000.0000,1000.0000,500,2.737100,2.737779,2.176196,0.000000,1.402026,0.254951,false,426,1163,1.2810,1.4538,58ee24433ed7dd47
distributed,10,8000,1000.0000,1000.0000,500,2.751133,2.759159,2.158113,0.000000,1.389302,0.278580,false,426,1163,1.2810,1.4538,58ee24433ed7dd47
distributed,10,8000,1000.0000,1000.0000,500,2.721520,2.722433,2.152635,0.000000,1.402895,0.250022,false,426,1163,1.2810,1.4538,58ee24433ed7dd47
distributed,10,8000,1000.0000,1000.0000,500,2.692953,2.696227,2.146467,0.000000,1.363572,0.271324,false,426,1163,1.2810,1.4538,58ee24433ed7dd47
distributed,10,8000,1000.0000,1000.0000,500,2.934682,2.935936,2.188275,1.584344,0.117998,0.066207,true,426,1163,1.2810,1.4538,58ee24433ed7dd47
distributed,10,8000,1000.0000,1000.0000,500,2.695297,2.698014,2.169509,1.451082,0.055826,0.041918,true,426,1163,1.2810,1.4538,58ee24433ed7dd47
distributed,10,8000,1000.0000,1000.0000,500,2.711416,2.712785,2.162005,1.455491,0.060127,0.030739,true,426,1163,1.2810,1.4538,58ee24433ed7dd47
sequential,1,16000,1000.0000,1000.0000,500,31.096216,31.699469,31.096216,0.000000,0.000000,0.000000,false,16000,16000,1.0000,1.0000,0c692ade9a85e9fc
sequential,1,16000,1000.0000,1000.0000,500,31.260976,31.864271,31.260976,0.000000,0.000000,0.000000,false,16000,16000,1.0000,1.0000,0c692ade9a85e9fc
sequential,1,16000,1000.0000,1000.0000,500,31.084584,31.686104,31.084584,0.000000,0.000000,0.000000,false,16000,16000,1.0000,1.0000,0c692ade9a85e9fc
sequential,1,16000,1000.0000,1000.0000,500,31.047969,31.648474,31.047969,0.000000,0.000000,0.000000,false,16000,16000,1.0000,1.0000,0c692ade9a85e9fc
sequential,1,16000,1000.0000,1000.0000,500,31.007574,31.611001,31.007574,0.000000,0.000000,0.000000,false,16000,16000,1.0000,1.0000,0c692ade9a85e9fc
distributed,1,16000,1000.0000,1000.0000,500,30.707248,30.707456,30.691229,0.000000,0.015949,0.000070,false,16000,16000,1.0000,1.0000,0c692ade9a85e9fc
distributed,1,16000,1000.0000,1000.0000,500,30.737789,30.738005,30.721721,0.000000,0.015991,0.000077,false,16000,16000,1.0000,1.0000,0c692ade9a85e9fc
distributed,1,16000,1000.0000,1000.0000,500,30.718370,30.718569,30.702392,0.000000,0.015912,0.000066,false,16000,16000,1.0000,1.0000,0c692ade9a85e9fc
distributed,1,16000,1000.0000,1000.0000,500,30.839844,30.840053,30.823884,0.000000,0.015894,0.000066,false,16000,16000,1.0000,1.0000,0c692ade9a85e9fc
distributed,1,16000,1000.0000,1000.0000,500,30.724670,30.724887,30.708724,0.000000,0.015875,0.000071,false,16000,16000,1.0000,1.0000,0c692ade9a85e9fc
distributed,1,16000,1000.0000,1000.0000,500,30.721619,30.721859,30.705583,0.000068,0.015959,0.000010,true,16000,16000,1.0000,1.0000,0c692ade9a85e9fc
distributed,1,16000,1000.0000,1000.0000,500,30.809166,30.809397,30.793261,0.000065,0.015830,0.000010,true,16000,16000,1.0000,1.0000,0c692ade9a85e9fc
distributed,1,16000,1000.0000,1000.0000,500,30.816312,30.816550,30.800435,0.000062,0.015805,0.000010,true,16000,16000,1.0000,1.0000,0c692ade9a85e9fc
distributed,2,16000,1000.0000,1000.0000,500,16.156809,16.156975,16.126779,0.000000,1.281970,0.000303,false,7776,8224,1.0225,1.0377,0c692ade9a85e9fc
distributed,2,16000,1000.0000,1000.0000,500,16.100770,16.100937,16.068533,0.000000,1.121066,0.000336,false,7776,8224,1.0225,1.0377,0c692ade9a85e9fc
distributed,2,16000,1000.0000,1000.0000,500,16.298773,16.298934,16.269835,0.000000,1.388571,0.000309,false,7776,8224,1.0225,1.0377,0c692ade9a85e9fc
distributed,2,16000,1000.0000,1000.0000,500,16.254782,16.254947,16.225307,0.000000,1.267201,0.000306,false,7776,8224,1.0225,1.0377,0c692ade9a85e9fc
distributed,2,16000,1000.0000,1000.0000,500,16.226431,16.226592,16.197146,0.000000,1.268361,0.000300,false,7776,8224,1.0225,1.0377,0c692ade9a85e9fc
distributed,2,16000,1000.0000,1000.0000,500,16.183714,16.183894,16.151100,1.258779,0.029231,0.000262,true,7776,8224,1.0225,1.0377,0c692ade9a85e9fc
distributed,2,16000,1000.0000,1000.0000,500,16.189072,16.189243,16.157113,1.180606,0.028722,0.000281,true,7776,8224,1.0225,1.0377,0c692ade9a85e9fc
distributed,2,16000,1000.0000,1000.0000,500,16.315678,16.315857,16.285865,1.202400,0.028841,0.000250,true,7776,8224,1.0225,1.0377,0c692ade9a85e9fc
distributed,4,16000,1000.0000,1000.0000,500,10.683973,10.684156,10.604231,0.000000,1.966134,0.001382,false,3709,4515,1.0851,1.1302,0c692ade9a85e9fc
distributed,4,16000,1000.0000,1000.0000,500,10.855031,10.855239,10.772333,0.000000,2.028574,0.001485,false,3709,4515,1.0851,1.1302,0c692ade9a85e9fc
distributed,4,16000,1000.0000,1000.0000,500,10.947029,10.947207,10.843704,0.000000,1.961634,0.001485,false,3709,4515,1.0851,1.1302,0c692ade9a85e9fc
distributed,4,16000,1000.0000,1000.0000,500,11.069149,11.069348,10.973404,0.000000,2.050693,0.001346,false,3709,4515,1.0851,1.1302,0c692ade9a85e9fc
distributed,4,16000,1000.0000,1000.0000,500,11.223426,11.223618,11.144423,0.000000,2.026689,0.001374,false,3709,4515,1.0851,1.1302,0c692ade9a85e9fc
distributed,4,16000,1000.0000,1000.0000,500,11.197176,11.197427,11.087051,1.936910,0.039390,0.009423,true,3709,4515,1.0851,1.1302,0c692ade9a85e9fc
distributed,4,16000,1000.0000,1000.0000,500,11.229311,11.229525,11.132745,1.988728,0.030334,0.001315,true,3709,4515,1.0851,1.1302,0c692ade9a85e9fc
distributed,4,16000,1000.0000,1000.0000,500,11.303597,11.303821,11.219451,1.972586,0.030445,0.001521,true,3709,4515,1.0851,1.1302,0c692ade9a85e9fc
distributed,5,16000,1000.0000,1000.0000,500,10.046006,10.046342,9.640258,0.000000,1.788313,0.005135,false,3068,3301,1.0602,1.1000,0c692ade9a85e9fc
distributed,5,16000,1000.0000,1000.0000,500,10.035901,10.036290,9.637141,0.000000,1.775211,0.004452,false,3068,3301,1.0602,1.1000,0c692ade9a85e9fc
distributed,5,16000,1000.0000,1000.0000,500,10.070113,10.070445,9.695229,0.000000,1.864268,0.003883,false,3068,3301,1.0602,1.1000,0c692ade9a85e9fc
distributed,5,16000,1000.0000,1000.0000,500,10.138635,10.138618,9.719656,0.000000,1.803473,0.004618,false,3068,3301,1.0602,1.1000,0c692ade9a85e9fc
distributed,5,16000,1000.0000,1000.0000,500,10.096155,10.096463,9.632663,0.000000,1.762520,0.005509,false,3068,3301,1.0602,1.1000,0c692ade9a85e9fc
distributed,5,16000,1000.0000,1000.0000,500,9.975521,9.975884,9.555172,1.602109,0.036819,0.003542,true,3068,3301,1.0602,1.1000,0c692ade9a85e9fc
distributed,5,16000,1000.0000,1000.0000,500,10.048815,10.048807,9.632270,1.808091,0.037512,0.003509,true,3068,3301,1.0602,1.1000,0c692ade9a85e9fc
distributed,5,16000,1000.0000,1000.0000,500,10.146257,10.146623,9.762297,1.876283,0.038023,0.003992,true,3068,3301,1.0602,1.1000,0c692ade9a85e9fc
distributed,8,16000,1000.0000,1000.0000,500,7.916898,7.917249,7.594383,0.000000,2.646928,0.630606,false,1650,2339,1.1305,1.1770,0c692ade9a85e9fc
distributed,8,16000,1000.0000,1000.0000,500,7.728395,7.728351,7.428606,0.000000,2.539409,0.539200,false,1650,2339,1.1305,1.1770,0c692ade9a85e9fc
distributed,8,16000,1000.0000,1000.0000,500,8.004993,8.005039,7.595918,0.000000,2.620995,0.534827,false,1650,2339,1.1305,1.1770,0c692ade9a85e9fc
distributed,8,16000,1000.0000,1000.0000,500,7.962452,7.962819,7.551934,0.000000,2.641746,0.574396,false,1650,2339,1.1305,1.1770,0c692ade9a85e9fc
distributed,8,16000,1000.0000,1000.0000,500,7.971316,7.971643,7.584458,0.000000,2.666241,0.576182,false,1650,2339,1.1305,1.1770,0c692ade9a85e9fc
distributed,8,16000,1000.0000,1000.0000,500,8.036305,8.036662,7.628462,2.676915,0.048841,0.008259,true,1650,2339,1.1305,1.1770,0c692ade9a85e9fc
distributed,8,16000,1000.0000,1000.0000,500,8.064417,8.064676,7.612887,2.668650,0.054442,0.010587,true,1650,2339,1.1305,1.1770,0c692ade9a85e9fc
distributed,8,16000,1000.0000,1000.0000,500,8.012776,8.012743,7.558512,2.603581,0.045225,0.006672,true,1650,2339,1.1305,1.1770,0c692ade9a85e9fc
distributed,10,16000,1000.0000,1000.0000,500,7.011399,7.017449,6.373314,0.000000,2.264227,0.638479,false,1347,1954,1.1284,1.2312,0c692ade9a85e9fc
distributed,10,16000,1000.0000,1000.0000,500,6.982987,6.984428,6.374132,0.000000,2.189627,0.666930,false,1347,1954,1.1284,1.2312,0c692ade9a85e9fc
distributed,10,16000,1000.0000,1000.0000,500,6.993078,6.995047,6.345000,0.000000,2.235618,0.661445,false,1347,1954,1.1284,1.2312,0c692ade9a85e9fc
distributed,10,16000,1000.0000,1000.0000,500,7.371345,7.406684,6.445416,0.000000,2.434483,0.762163,false,1347,1954,1.1284,1.2312,0c692ade9a85e9fc
distributed,10,16000,1000.0000,1000.0000,500,6.997477,6.998404,6.425083,0.000000,2.240697,0.653720,false,1347,1954,1.1284,1.2312,0c692ade9a85e9fc
distributed,10,16000,1000.0000,1000.0000,500,7.070324,7.070777,6.472052,2.253201,0.084765,0.032509,true,1347,1954,1.1284,1.2312,0c692ade9a85e9fc
distributed,10,16000,1000.0000,1000.0000,500,7.105816,7.107170,6.507326,2.233903,0.070398,0.023106,true,1347,1954,1.1284,1.2312,0c692ade9a85e9fc
distributed,10,16000,1000.0000,1000.0000,500,7.138282,7.143099,6.548006,2.226520,0.083872,0.036629,true,1347,1954,1.1284,1.2312,0c692ade9a85e9fc
sequential,1,1000,1000.0000,1000.0000,500,0.364312,0.371441,0.364312,0.000000,0.000000,0.000000,false,1000,1000,1.0000,1.0000,1f46683aaa4980b7
sequential,1,1000,1000.0000,1000.0000,500,0.365136,0.372775,0.365136,0.000000,0.000000,0.000000,false,1000,1000,1.0000,1.0000,1f46683aaa4980b7
sequential,1,1000,1000.0000,1000.0000,500,0.356432,0.363458,0.356432,0.000000,0.000000,0.000000,false,1000,1000,1.0000,1.0000,1f46683aaa4980b7
sequential,1,1000,1000.0000,1000.0000,500,0.354939,0.362227,0.354939,0.000000,0.000000,0.000000,false,1000,1000,1.0000,1.0000,1f46683aaa4980b7
sequential,1,1000,1000.0000,1000.0000,500,0.356206,0.363307,0.356206,0.000000,0.000000,0.000000,false,1000,1000,1.0000,1.0000,1f46683aaa4980b7
distributed,1,1000,1000.0000,1000.0000,500,0.351985,0.352081,0.350289,0.000000,0.001680,0.000016,false,1000,1000,1.0000,1.0000,1f46683aaa4980b7
distributed,1,1000,1000.0000,1000.0000,500,0.343579,0.343654,0.342105,0.000000,0.001464,0.000010,false,1000,1000,1.0000,1.0000,1f46683aaa4980b7
distributed,1,1000,1000.0000,1000.0000,500,0.351652,0.351714,0.350117,0.000000,0.001524,0.000011,false,1000,1000,1.0000,1.0000,1f46683aaa4980b7
distributed,1,1000,1000.0000,1000.0000,500,0.351628,0.351731,0.350062,0.000000,0.001548,0.000018,false,1000,1000,1.0000,1.0000,1f46683aaa4980b7
distributed,1,1000,1000.0000,1000.0000,500,0.351595,0.351669,0.350040,0.000000,0.001543,0.000012,false,1000,1000,1.0000,1.0000,1f46683aaa4980b7
distributed,1,1000,1000.0000,1000.0000,500,0.355751,0.355815,0.354138,0.000010,0.001595,0.000008,true,1000,1000,1.0000,1.0000,1f46683aaa4980b7
distributed,1,1000,1000.0000,1000.0000,500,0.351083,0.351163,0.349515,0.000011,0.001548,0.000010,true,1000,1000,1.0000,1.0000,1f46683aaa4980b7
distributed,1,1000,1000.0000,1000.0000,500,0.349026,0.349112,0.347495,0.000015,0.001507,0.000008,true,1000,1000,1.0000,1.0000,1f46683aaa4980b7
distributed,2,1000,1000.0000,1000.0000,500,0.209033,0.209101,0.204211,0.000000,0.049628,0.000717,false,486,514,1.1198,1.2260,1f46683aaa4980b7
distributed,2,1000,1000.0000,1000.0000,500,0.206408,0.206470,0.200881,0.000000,0.044636,0.000792,false,486,514,1.1198,1.2260,1f46683aaa4980b7
distributed,2,1000,1000.0000,1000.0000,500,0.209271,0.209344,0.204047,0.000000,0.050857,0.000752,false,486,514,1.1198,1.2260,1f46683aaa4980b7
distributed,2,1000,1000.0000,1000.0000,500,0.209708,0.209773,0.204552,0.000000,0.048796,0.000826,false,486,514,1.1198,1.2260,1f46683aaa4980b7
distributed,2,1000,1000.0000,1000.0000,500,0.210407,0.210468,0.204790,0.000000,0.048134,0.000774,false,486,514,1.1198,1.2260,1f46683aaa4980b7
distributed,2,1000,1000.0000,1000.0000,500,0.213158,0.213236,0.207784,0.048840,0.003460,0.000137,true,486,514,1.1198,1.2260,1f46683aaa4980b7
distributed,2,1000,1000.0000,1000.0000,500,0.208709,0.208783,0.203542,0.046028,0.003302,0.000117,true,486,514,1.1198,1.2260,1f46683aaa4980b7
distributed,2,1000,1000.0000,1000.0000,500,0.209184,0.209256,0.203329,0.045765,0.003602,0.000110,true,486,514,1.1198,1.2260,1f46683aaa4980b7
distributed,4,1000,1000.0000,1000.0000,500,0.134168,0.134284,0.127356,0.000000,0.073449,0.001145,false,192,294,1.3042,1.4400,1f46683aaa4980b7
distributed,4,1000,1000.0000,1000.0000,500,0.128551,0.128652,0.121470,0.000000,0.069003,0.000884,false,192,294,1.3042,1.4400,1f46683aaa4980b7
distributed,4,1000,1000.0000,1000.0000,500,0.130480,0.130579,0.124164,0.000000,0.070702,0.000862,false,192,294,1.3042,1.4400,1f46683aaa4980b7
distributed,4,1000,1000.0000,1000.0000,500,0.143453,0.143568,0.134843,0.000000,0.080080,0.000988,false,192,294,1.3042,1.4400,1f46683aaa4980b7
distributed,4,1000,1000.0000,1000.0000,500,0.127925,0.128040,0.119326,0.000000,0.068604,0.000962,false,192,294,1.3042,1.4400,1f46683aaa4980b7
distributed,4,1000,1000.0000,1000.0000,500,0.132067,0.132181,0.124025,0.067325,0.003849,0.000982,true,192,294,1.3042,1.4400,1f46683aaa4980b7
distributed,4,1000,1000.0000,1000.0000,500,0.168414,0.168567,0.134121,0.074622,0.011699,0.007219,true,192,294,1.3042,1.4400,1f46683aaa4980b7
distributed,4,1000,1000.0000,1000.0000,500,0.150398,0.150552,0.134131,0.079320,0.005224,0.001686,true,192,294,1.3042,1.4400,1f46683aaa4980b7
distributed,5,1000,1000.0000,1000.0000,500,0.154697,0.154893,0.101319,0.000000,0.086618,0.002350,false,41,296,1.2356,1.4800,1f46683aaa4980b7
distributed,5,1000,1000.0000,1000.0000,500,0.165238,0.165470,0.114113,0.000000,0.086899,0.003006,false,41,296,1.2356,1.4800,1f46683aaa4980b7
distributed,5,1000,1000.0000,1000.0000,500,0.157147,0.157350,0.109067,0.000000,0.093871,0.002393,false,41,296,1.2356,1.4800,1f46683aaa4980b7
distributed,5,1000,1000.0000,1000.0000,500,0.145925,0.146079,0.097233,0.000000,0.087518,0.002515,false,41,296,1.2356,1.4800,1f46683aaa4980b7
distributed,5,1000,1000.0000,1000.0000,500,0.152563,0.152754,0.106645,0.000000,0.081830,0.001974,false,41,296,1.2356,1.4800,1f46683aaa4980b7
distributed,5,1000,1000.0000,1000.0000,500,0.149213,0.149366,0.098923,0.089206,0.005530,0.001851,true,41,296,1.2356,1.4800,1f46683aaa4980b7
distributed,5,1000,1000.0000,1000.0000,500,0.154938,0.155161,0.102401,0.079275,0.006092,0.002025,true,41,296,1.2356,1.4800,1f46683aaa4980b7
distributed,5,1000,1000.0000,1000.0000,500,0.149519,0.149651,0.098573,0.076797,0.004547,0.001717,true,41,296,1.2356,1.4800,1f46683aaa4980b7
distributed,8,1000,1000.0000,1000.0000,500,0.167618,0.167875,0.104918,0.000000,0.128427,0.031945,false,14,223,1.6438,2.0960,1f46683aaa4980b7
distributed,8,1000,1000.0000,1000.0000,500,0.157693,0.157937,0.102460,0.000000,0.128640,0.027571,false,14,223,1.6438,2.0960,1f46683aaa4980b7
distributed,8,1000,1000.0000,1000.0000,500,0.171997,0.172249,0.109698,0.000000,0.136864,0.027301,false,14,223,1.6438,2.0960,1f46683aaa4980b7
distributed,8,1000,1000.0000,1000.0000,500,0.161946,0.162247,0.104651,0.000000,0.122785,0.022700,false,14,223,1.6438,2.0960,1f46683aaa4980b7
distributed,8,1000,1000.0000,1000.0000,500,0.171779,0.172004,0.109785,0.000000,0.129032,0.034220,false,14,223,1.6438,2.0960,1f46683aaa4980b7
distributed,8,1000,1000.0000,1000.0000,500,0.157104,0.157333,0.097959,0.130166,0.005721,0.002437,true,14,223,1.6438,2.0960,1f46683aaa4980b7
distributed,8,1000,1000.0000,1000.0000,500,0.162005,0.162218,0.109549,0.135691,0.006446,0.002954,true,14,223,1.6438,2.0960,1f46683aaa4980b7
distributed,8,1000,1000.0000,1000.0000,500,0.164829,0.165025,0.094426,0.137607,0.006455,0.002771,true,14,223,1.6438,2.0960,1f46683aaa4980b7
distributed,10,1000,1000.0000,1000.0000,500,0.153808,0.154898,0.098444,0.000000,0.112489,0.033828,false,2,171,1.7624,2.3200,1f46683aaa4980b7
distributed,10,1000,1000.0000,1000.0000,500,0.165345,0.166400,0.106077,0.000000,0.122933,0.045389,false,2,171,1.7624,2.3200,1f46683aaa4980b7
distributed,10,1000,1000.0000,1000.0000,500,0.388261,0.396680,0.103760,0.000000,0.263380,0.196407,false,2,171,1.7624,2.3200,1f46683aaa4980b7
distributed,10,1000,1000.0000,1000.0000,500,0.183936,0.186917,0.102621,0.000000,0.129025,0.059006,false,2,171,1.7624,2.3200,1f46683aaa4980b7
distributed,10,1000,1000.0000,1000.0000,500,0.341438,0.350149,0.103017,0.000000,0.220267,0.167475,false,2,171,1.7624,2.3200,1f46683aaa4980b7
distributed,10,1000,1000.0000,1000.0000,500,0.190604,0.191714,0.112282,0.137156,0.026746,0.025497,true,2,171,1.7624,2.3200,1f46683aaa4980b7
distributed,10,1000,1000.0000,1000.0000,500,0.163869,0.165044,0.110430,0.131602,0.010956,0.006449,true,2,171,1.7624,2.3200,1f46683aaa4980b7
distributed,10,1000,1000.0000,1000.0000,500,0.353246,0.374870,0.107332,0.209232,0.091569,0.097184,true,2,171,1.7624,2.3200,1f46683aaa4980b7
sequential,1,10000,3162.2777,3162.2777,500,4.498768,4.588529,4.498768,0.000000,0.000000,0.000000,false,10000,10000,1.0000,1.0000,f4117f625850a990
sequential,1,10000,3162.2777,3162.2777,500,4.510436,4.599865,4.510436,0.000000,0.000000,0.000000,false,10000,10000,1.0000,1.0000,f4117f625850a990
sequential,1,10000,3162.2777,3162.2777,500,4.459778,4.549030,4.459778,0.000000,0.000000,0.000000,false,10000,10000,1.0000,1.0000,f4117f625850a990
sequential,1,10000,3162.2777,3162.2777,500,4.520060,4.615677,4.520060,0.000000,0.000000,0.000000,false,10000,10000,1.0000,1.0000,f4117f625850a990
sequential,1,10000,3162.2777,3162.2777,500,4.551508,4.642562,4.551508,0.000000,0.000000,0.000000,false,10000,10000,1.0000,1.0000,f4117f625850a990
distributed,1,10000,3162.2777,3162.2777,500,4.590452,4.590702,4.578869,0.000000,0.011456,0.000127,false,10000,10000,1.0000,1.0000,f4117f625850a990
distributed,1,10000,3162.2777,3162.2777,500,4.541949,4.542177,4.531036,0.000000,0.010824,0.000089,false,10000,10000,1.0000,1.0000,f4117f625850a990
distributed,1,10000,3162.2777,3162.2777,500,4.554294,4.554508,4.543404,0.000000,0.010813,0.000077,false,10000,10000,1.0000,1.0000,f4117f625850a990
distributed,1,10000,3162.2777,3162.2777,500,4.473070,4.473239,4.462795,0.000000,0.010245,0.000030,false,10000,10000,1.0000,1.0000,f4117f625850a990
distributed,1,10000,3162.2777,3162.2777,500,4.432544,4.432711,4.422125,0.000000,0.010378,0.000040,false,10000,10000,1.0000,1.0000,f4117f625850a990
distributed,1,10000,3162.2777,3162.2777,500,4.665833,4.666071,4.654902,0.000084,0.010835,0.000012,true,10000,10000,1.0000,1.0000,f4117f625850a990
distributed,1,10000,3162.2777,3162.2777,500,4.522933,4.523099,4.512536,0.000032,0.010356,0.000009,true,10000,10000,1.0000,1.0000,f4117f625850a990
distributed,1,10000,3162.2777,3162.2777,500,4.476912,4.477077,4.466617,0.000030,0.010256,0.000011,true,10000,10000,1.0000,1.0000,f4117f625850a990
distributed,2,10000,3162.2777,3162.2777,500,2.300048,2.300161,2.265426,0.000000,0.120298,0.000553,false,4422,5578,1.0326,1.1156,f4117f625850a990
distributed,2,10000,3162.2777,3162.2777,500,2.332456,2.332550,2.312612,0.000000,0.173522,0.000134,false,4422,5578,1.0326,1.1156,f4117f625850a990
distributed,2,10000,3162.2777,3162.2777,500,2.294409,2.294527,2.270826,0.000000,0.136954,0.000166,false,4422,5578,1.0326,1.1156,f4117f625850a990
distributed,2,10000,3162.2777,3162.2777,500,2.316783,2.316878,2.296655,0.000000,0.145388,0.000147,false,4422,5578,1.0326,1.1156,f4117f625850a990
distributed,2,10000,3162.2777,3162.2777,500,2.381165,2.381315,2.360624,0.000000,0.186076,0.000207,false,4422,5578,1.0326,1.1156,f4117f625850a990
distributed,2,10000,3162.2777,3162.2777,500,2.307833,2.307957,2.282785,0.138737,0.013476,0.000133,true,4422,5578,1.0326,1.1156,f4117f625850a990
distributed,2,10000,3162.2777,3162.2777,500,2.326470,2.326592,2.289717,0.119913,0.013618,0.000148,true,4422,5578,1.0326,1.1156,f4117f625850a990
distributed,2,10000,3162.2777,3162.2777,500,2.344513,2.344653,2.313400,0.146420,0.014091,0.000130,true,4422,5578,1.0326,1.1156,f4117f625850a990
distributed,4,10000,3162.2777,3162.2777,500,1.269776,1.269907,1.247836,0.000000,0.249673,0.001450,false,2140,3070,1.1143,1.2280,f4117f625850a990
distributed,4,10000,3162.2777,3162.2777,500,1.307402,1.307562,1.284655,0.000000,0.267061,0.001587,false,2140,3070,1.1143,1.2280,f4117f625850a990
distributed,4,10000,3162.2777,3162.2777,500,1.295633,1.295784,1.269681,0.000000,0.249318,0.001371,false,2140,3070,1.1143,1.2280,f4117f625850a990
distributed,4,10000,3162.2777,3162.2777,500,1.345408,1.345591,1.303258,0.000000,0.262908,0.001532,false,2140,3070,1.1143,1.2280,f4117f625850a990
distributed,4,10000,3162.2777,3162.2777,500,1.386475,1.386639,1.330849,0.000000,0.294379,0.001617,false,2140,3070,1.1143,1.2280,f4117f625850a990
distributed,4,10000,3162.2777,3162.2777,500,1.384131,1.384316,1.341270,0.261828,0.012767,0.000603,true,2140,3070,1.1143,1.2280,f4117f625850a990
distributed,4,10000,3162.2777,3162.2777,500,1.424441,1.424622,1.384052,0.285276,0.013592,0.000586,true,2140,3070,1.1143,1.2280,f4117f625850a990
distributed,4,10000,3162.2777,3162.2777,500,1.462439,1.462669,1.404440,0.281922,0.023727,0.002970,true,2140,3070,1.1143,1.2280,f4117f625850a990
distributed,5,10000,3162.2777,3162.2777,500,1.527709,1.528015,1.243845,0.000000,0.550226,0.002797,false,1495,2440,1.0821,1.2225,f4117f625850a990
distributed,5,10000,3162.2777,3162.2777,500,1.516841,1.517160,1.247737,0.000000,0.488934,0.003262,false,1495,2440,1.0821,1.2225,f4117f625850a990
distributed,5,10000,3162.2777,3162.2777,500,1.528011,1.528380,1.214824,0.000000,0.507447,0.003360,false,1495,2440,1.0821,1.2225,f4117f625850a990
distributed,5,10000,3162.2777,3162.2777,500,1.537409,1.537706,1.231580,0.000000,0.510841,0.002979,false,1495,2440,1.0821,1.2225,f4117f625850a990
distributed,5,10000,3162.2777,3162.2777,500,1.516715,1.517057,1.223769,0.000000,0.466416,0.003477,false,1495,2440,1.0821,1.2225,f4117f625850a990
distributed,5,10000,3162.2777,3162.2777,500,1.541144,1.541433,1.217885,0.504735,0.018199,0.002271,true,1495,2440,1.0821,1.2225,f4117f625850a990
distributed,5,10000,3162.2777,3162.2777,500,1.546512,1.546787,1.216693,0.485327,0.018145,0.002099,true,1495,2440,1.0821,1.2225,f4117f625850a990
distributed,5,10000,3162.2777,3162.2777,500,1.543745,1.544117,1.259959,0.465647,0.027286,0.002387,true,1495,2440,1.0821,1.2225,f4117f625850a990
distributed,8,10000,3162.2777,3162.2777,500,1.271638,1.271957,1.114367,0.000000,0.655447,0.139092,false,772,1832,1.2723,1.5488,f4117f625850a990
distributed,8,10000,3162.2777,3162.2777,500,1.326380,1.328080,1.142928,0.000000,0.667121,0.153181,false,772,1832,1.2723,1.5488,f4117f625850a990
distributed,8,10000,3162.2777,3162.2777,500,1.326643,1.326985,1.156770,0.000000,0.669480,0.141645,false,772,1832,1.2723,1.5488,f4117f625850a990
distributed,8,10000,3162.2777,3162.2777,500,1.272027,1.272340,1.117662,0.000000,0.636198,0.144251,false,772,1832,1.2723,1.5488,f4117f625850a990
distributed,8,10000,3162.2777,3162.2777,500,1.262990,1.263281,1.113195,0.000000,0.641954,0.134666,false,772,1832,1.2723,1.5488,f4117f625850a990
distributed,8,10000,3162.2777,3162.2777,500,1.289109,1.289429,1.141411,0.644158,0.022151,0.003665,true,772,1832,1.2723,1.5488,f4117f625850a990
distributed,8,10000,3162.2777,3162.2777,500,1.279232,1.279459,1.118530,0.660849,0.022403,0.004476,true,772,1832,1.2723,1.5488,f4117f625850a990
distributed,8,10000,3162.2777,3162.2777,500,1.315666,1.315962,1.159959,0.682560,0.029082,0.007653,true,772,1832,1.2723,1.5488,f4117f625850a990
distributed,10,10000,3162.2777,3162.2777,500,1.289904,1.295284,0.888922,0.000000,0.566263,0.152535,false,524,1440,1.2183,1.4400,f4117f625850a990
distributed,10,10000,3162.2777,3162.2777,500,1.277584,1.282275,0.870895,0.000000,0.641523,0.191139,false,524,1440,1.2183,1.4400,f4117f625850a990
distributed,10,10000,3162.2777,3162.2777,500,1.082635,1.083500,0.881244,0.000000,0.485006,0.104137,false,524,1440,1.2183,1.4400,f4117f625850a990
distributed,10,10000,3162.2777,3162.2777,500,1.173925,1.178846,0.882014,0.000000,0.485459,0.161442,false,524,1440,1.2183,1.4400,f4117f625850a990
distributed,10,10000,3162.2777,3162.2777,500,1.205519,1.213154,0.899883,0.000000,0.550938,0.146399,false,524,1440,1.2183,1.4400,f4117f625850a990
distributed,10,10000,3162.2777,3162.2777,500,1.104268,1.104874,0.894924,0.497326,0.034041,0.014843,true,524,1440,1.2183,1.4400,f4117f625850a990
distributed,10,10000,3162.2777,3162.2777,500,1.224999,1.226036,0.912429,0.565911,0.081362,0.046859,true,524,1440,1.2183,1.4400,f4117f625850a990
distributed,10,10000,3162.2777,3162.2777,500,1.362632,1.369085,0.923588,0.579207,0.124160,0.070438,true,524,1440,1.2183,1.4400,f4117f625850a990
sequential,1,100000,10000.0000,10000.0000,500,47.623511,48.567334,47.623511,0.000000,0.000000,0.000000,false,100000,100000,1.0000,1.0000,50f9c287558557d5
sequential,1,100000,10000.0000,10000.0000,500,47.712440,48.681912,47.712440,0.000000,0.000000,0.000000,false,100000,100000,1.0000,1.0000,50f9c287558557d5
sequential,1,100000,10000.0000,10000.0000,500,47.841008,48.792348,47.841008,0.000000,0.000000,0.000000,false,100000,100000,1.0000,1.0000,50f9c287558557d5
sequential,1,100000,10000.0000,10000.0000,500,46.667734,47.595366,46.667734,0.000000,0.000000,0.000000,false,100000,100000,1.0000,1.0000,50f9c287558557d5
sequential,1,100000,10000.0000,10000.0000,500,47.197779,48.135534,47.197779,0.000000,0.000000,0.000000,false,100000,100000,1.0000,1.0000,50f9c287558557d5
distributed,1,100000,10000.0000,10000.0000,500,47.454171,47.455151,47.260278,0.000000,0.193609,0.000283,false,100000,100000,1.0000,1.0000,50f9c287558557d5
distributed,1,100000,10000.0000,10000.0000,500,46.676024,46.676962,46.489184,0.000000,0.186643,0.000197,false,100000,100000,1.0000,1.0000,50f9c287558557d5
distributed,1,100000,10000.0000,10000.0000,500,47.376251,47.377265,47.176731,0.000000,0.199221,0.000299,false,100000,100000,1.0000,1.0000,50f9c287558557d5
distributed,1,100000,10000.0000,10000.0000,500,47.379732,47.380758,47.179634,0.000000,0.199830,0.000268,false,100000,100000,1.0000,1.0000,50f9c287558557d5
distributed,1,100000,10000.0000,10000.0000,500,47.645640,47.646642,47.448778,0.000000,0.196573,0.000289,false,100000,100000,1.0000,1.0000,50f9c287558557d5
distributed,1,100000,10000.0000,10000.0000,500,47.295912,47.296935,47.097890,0.000272,0.197704,0.000047,true,100000,100000,1.0000,1.0000,50f9c287558557d5
distributed,1,100000,10000.0000,10000.0000,500,46.982920,46.983933,46.789656,0.000237,0.192973,0.000054,true,100000,100000,1.0000,1.0000,50f9c287558557d5
distributed,1,100000,10000.0000,10000.0000,500,46.706621,46.707580,46.510803,0.000218,0.195570,0.000031,true,100000,100000,1.0000,1.0000,50f9c287558557d5
distributed,2,100000,10000.0000,10000.0000,500,23.568564,23.568824,23.387507,0.000000,0.370801,0.000513,false,49928,50072,1.0041,1.0085,50f9c287558557d5
distributed,2,100000,10000.0000,10000.0000,500,23.717605,23.717877,23.505299,0.000000,0.313307,0.000306,false,49928,50072,1.0041,1.0085,50f9c287558557d5
distributed,2,100000,10000.0000,10000.0000,500,23.509747,23.510001,23.296641,0.000000,0.267353,0.000310,false,49928,50072,1.0041,1.0085,50f9c287558557d5
distributed,2,100000,10000.0000,10000.0000,500,23.569597,23.569883,23.446565,0.000000,0.417519,0.000326,false,49928,50072,1.0041,1.0085,50f9c287558557d5
distributed,2,100000,10000.0000,10000.0000,500,23.720200,23.720465,23.561568,0.000000,0.421889,0.000393,false,49928,50072,1.0041,1.0085,50f9c287558557d5
distributed,2,100000,10000.0000,10000.0000,500,23.461125,23.461386,23.278228,0.198912,0.096663,0.000250,true,49928,50072,1.0041,1.0085,50f9c287558557d5
distributed,2,100000,10000.0000,10000.0000,500,23.832954,23.833261,23.619548,0.182450,0.102482,0.000212,true,49928,50072,1.0041,1.0085,50f9c287558557d5
distributed,2,100000,10000.0000,10000.0000,500,23.571037,23.571347,23.348030,0.157504,0.103460,0.000276,true,49928,50072,1.0041,1.0085,50f9c287558557d5
distributed,4,100000,10000.0000,10000.0000,500,14.313325,14.313629,14.177995,0.000000,1.045873,0.001706,false,24215,25713,1.0213,1.0327,50f9c287558557d5
distributed,4,100000,10000.0000,10000.0000,500,15.002601,15.002932,14.813637,0.000000,1.061665,0.001593,false,24215,25713,1.0213,1.0327,50f9c287558557d5
distributed,4,100000,10000.0000,10000.0000,500,14.844594,14.844875,14.691642,0.000000,1.111420,0.001672,false,24215,25713,1.0213,1.0327,50f9c287558557d5
distributed,4,100000,10000.0000,10000.0000,500,14.961828,14.962160,14.869240,0.000000,1.026380,0.001594,false,24215,25713,1.0213,1.0327,50f9c287558557d5
distributed,4,100000,10000.0000,10000.0000,500,14.683122,14.683385,14.520038,0.000000,0.742874,0.001078,false,24215,25713,1.0213,1.0327,50f9c287558557d5
distributed,4,100000,10000.0000,10000.0000,500,14.908200,14.908468,14.759395,0.828409,0.091879,0.000903,true,24215,25713,1.0213,1.0327,50f9c287558557d5
distributed,4,100000,10000.0000,10000.0000,500,14.950716,14.950992,14.810386,0.831286,0.091398,0.000947,true,24215,25713,1.0213,1.0327,50f9c287558557d5
distributed,4,100000,10000.0000,10000.0000,500,15.043298,15.043564,14.924988,0.943052,0.090058,0.000786,true,24215,25713,1.0213,1.0327,50f9c287558557d5
distributed,5,100000,10000.0000,10000.0000,500,13.713026,13.713475,13.049512,0.000000,1.644957,0.003012,false,19444,20812,1.0238,1.0445,50f9c287558557d5
distributed,5,100000,10000.0000,10000.0000,500,13.686994,13.687402,12.919766,0.000000,1.552524,0.002758,false,19444,20812,1.0238,1.0445,50f9c287558557d5
distributed,5,100000,10000.0000,10000.0000,500,13.849861,13.850006,13.202719,0.000000,1.530434,0.015582,false,19444,20812,1.0238,1.0445,50f9c287558557d5
distributed,5,100000,10000.0000,10000.0000,500,13.792440,13.792858,13.076042,0.000000,1.340028,0.002894,false,19444,20812,1.0238,1.0445,50f9c287558557d5
distributed,5,100000,10000.0000,10000.0000,500,14.162598,14.163073,13.412984,0.000000,1.646634,0.003172,false,19444,20812,1.0238,1.0445,50f9c287558557d5
distributed,5,100000,10000.0000,10000.0000,500,14.188084,14.188542,13.288012,1.389200,0.095579,0.001822,true,19444,20812,1.0238,1.0445,50f9c287558557d5
distributed,5,100000,10000.0000,10000.0000,500,14.556063,14.556529,13.775584,1.728512,0.085458,0.002162,true,19444,20812,1.0238,1.0445,50f9c287558557d5
distributed,5,100000,10000.0000,10000.0000,500,14.255487,14.256033,13.445021,1.325028,0.086948,0.002304,true,19444,20812,1.0238,1.0445,50f9c287558557d5
distributed,8,100000,10000.0000,10000.0000,500,10.423433,10.423926,9.768931,0.000000,1.549697,0.138084,false,11577,13076,1.0305,1.0500,50f9c287558557d5
distributed,8,100000,10000.0000,10000.0000,500,10.355820,10.356209,9.597417,0.000000,1.412961,0.083393,false,11577,13076,1.0305,1.0500,50f9c287558557d5
distributed,8,100000,10000.0000,10000.0000,500,10.370656,10.371144,9.720771,0.000000,1.418777,0.116995,false,11577,13076,1.0305,1.0500,50f9c287558557d5
distributed,8,100000,10000.0000,10000.0000,500,10.350194,10.350645,9.733708,0.000000,1.488407,0.121675,false,11577,13076,1.0305,1.0500,50f9c287558557d5
distributed,8,100000,10000.0000,10000.0000,500,10.800117,10.800817,10.033854,0.000000,1.544493,0.134524,false,11577,13076,1.0305,1.0500,50f9c287558557d5
distributed,8,100000,10000.0000,10000.0000,500,10.568846,10.568959,9.838766,1.454387,0.095290,0.004826,true,11577,13076,1.0305,1.0500,50f9c287558557d5
distributed,8,100000,10000.0000,10000.0000,500,10.341164,10.341629,9.706772,1.370556,0.084401,0.007765,true,11577,13076,1.0305,1.0500,50f9c287558557d5
distributed,8,100000,10000.0000,10000.0000,500,10.349568,10.349980,9.700080,1.320938,0.086878,0.006213,true,11577,13076,1.0305,1.0500,50f9c287558557d5
distributed,10,100000,10000.0000,10000.0000,500,9.198819,9.204748,8.509839,0.000000,1.583779,0.240054,false,9350,10905,1.0563,1.0991,50f9c287558557d5
distributed,10,100000,10000.0000,10000.0000,500,9.314428,9.316008,8.590308,0.000000,1.683826,0.252226,false,9350,10905,1.0563,1.0991,50f9c287558557d5
distributed,10,100000,10000.0000,10000.0000,500,9.332390,9.334184,8.703940,0.000000,1.802789,0.245151,false,9350,10905,1.0563,1.0991,50f9c287558557d5
distributed,10,100000,10000.0000,10000.0000,500,9.257372,9.260103,8.662366,0.000000,1.517454,0.261271,false,9350,10905,1.0563,1.0991,50f9c287558557d5
distributed,10,100000,10000.0000,10000.0000,500,9.330957,9.333069,8.738140,0.000000,1.614724,0.219121,false,9350,10905,1.0563,1.0991,50f9c287558557d5
distributed,10,100000,10000.0000,10000.0000,500,9.350478,9.354367,8.725704,1.549542,0.120894,0.025066,true,9350,10905,1.0563,1.0991,50f9c287558557d5
distributed,10,100000,10000.0000,10000.0000,500,9.377384,9.377928,8.675755,1.533615,0.132431,0.036425,true,9350,10905,1.0563,1.0991,50f9c287558557d5
distributed,10,100000,10000.0000,10000.0000,500,9.549682,9.557211,8.791469,1.679973,0.167723,0.048445,true,9350,10905,1.0563,1.0991,50f9c287558557d5
sequential,1,2000,1414.2136,1414.2136,500,0.846667,0.863077,0.846667,0.000000,0.000000,0.000000,false,2000,2000,1.0000,1.0000,aecff53fde448800
sequential,1,2000,1414.2136,1414.2136,500,0.833306,0.850014,0.833306,0.000000,0.000000,0.000000,false,2000,2000,1.0000,1.0000,aecff53fde448800
sequential,1,2000,1414.2136,1414.2136,500,0.842210,0.859095,0.842210,0.000000,0.000000,0.000000,false,2000,2000,1.0000,1.0000,aecff53fde448800
sequential,1,2000,1414.2136,1414.2136,500,0.855954,0.872661,0.855954,0.000000,0.000000,0.000000,false,2000,2000,1.0000,1.0000,aecff53fde448800
sequential,1,2000,1414.2136,1414.2136,500,0.832942,0.849437,0.832942,0.000000,0.000000,0.000000,false,2000,2000,1.0000,1.0000,aecff53fde448800
distributed,1,2000,1414.2136,1414.2136,500,0.819432,0.819535,0.816828,0.000000,0.002588,0.000015,false,2000,2000,1.0000,1.0000,aecff53fde448800
distributed,1,2000,1414.2136,1414.2136,500,0.812673,0.812779,0.810034,0.000000,0.002624,0.000014,false,2000,2000,1.0000,1.0000,aecff53fde448800
distributed,1,2000,1414.2136,1414.2136,500,0.819402,0.819507,0.816837,0.000000,0.002547,0.000019,false,2000,2000,1.0000,1.0000,aecff53fde448800
distributed,1,2000,1414.2136,1414.2136,500,0.817525,0.817636,0.814957,0.000000,0.002553,0.000015,false,2000,2000,1.0000,1.0000,aecff53fde448800
distributed,1,2000,1414.2136,1414.2136,500,0.837215,0.837338,0.833358,0.000000,0.003832,0.000025,false,2000,2000,1.0000,1.0000,aecff53fde448800
distributed,1,2000,1414.2136,1414.2136,500,0.817877,0.817984,0.815246,0.000015,0.002607,0.000009,true,2000,2000,1.0000,1.0000,aecff53fde448800
distributed,1,2000,1414.2136,1414.2136,500,0.822293,0.822425,0.819730,0.000015,0.002538,0.000010,true,2000,2000,1.0000,1.0000,aecff53fde448800
distributed,1,2000,1414.2136,1414.2136,500,0.828937,0.829067,0.826323,0.000019,0.002586,0.000010,true,2000,2000,1.0000,1.0000,aecff53fde448800
distributed,2,2000,1414.2136,1414.2136,500,0.432926,0.432997,0.418637,0.000000,0.038216,0.000786,false,939,1061,1.0361,1.0930,aecff53fde448800
distributed,2,2000,1414.2136,1414.2136,500,0.436639,0.436738,0.423313,0.000000,0.040400,0.000668,false,939,1061,1.0361,1.0930,aecff53fde448800
distributed,2,2000,1414.2136,1414.2136,500,0.430391,0.430471,0.412759,0.000000,0.034549,0.000709,false,939,1061,1.0361,1.0930,aecff53fde448800
distributed,2,2000,1414.2136,1414.2136,500,0.431213,0.431299,0.414612,0.000000,0.034959,0.000867,false,939,1061,1.0361,1.0930,aecff53fde448800
distributed,2,2000,1414.2136,1414.2136,500,0.452047,0.452152,0.431773,0.000000,0.039357,0.000887,false,939,1061,1.0361,1.0930,aecff53fde448800
distributed,2,2000,1414.2136,1414.2136,500,0.438502,0.438592,0.423132,0.032870,0.005110,0.000141,true,939,1061,1.0361,1.0930,aecff53fde448800
distributed,2,2000,1414.2136,1414.2136,500,0.436111,0.436196,0.419203,0.029670,0.004883,0.000089,true,939,1061,1.0361,1.0930,aecff53fde448800
distributed,2,2000,1414.2136,1414.2136,500,0.429415,0.429500,0.417876,0.036147,0.004986,0.000088,true,939,1061,1.0361,1.0930,aecff53fde448800
distributed,4,2000,1414.2136,1414.2136,500,0.281752,0.281839,0.245662,0.000000,0.121426,0.001020,false,269,742,1.2264,1.4840,aecff53fde448800
distributed,4,2000,1414.2136,1414.2136,500,0.291414,0.291512,0.253654,0.000000,0.130460,0.001027,false,269,742,1.2264,1.4840,aecff53fde448800
distributed,4,2000,1414.2136,1414.2136,500,0.300956,0.301059,0.262240,0.000000,0.136362,0.000982,false,269,742,1.2264,1.4840,aecff53fde448800
distributed,4,2000,1414.2136,1414.2136,500,0.295203,0.295306,0.254262,0.000000,0.134967,0.001140,false,269,742,1.2264,1.4840,aecff53fde448800
distributed,4,2000,1414.2136,1414.2136,500,0.296835,0.296938,0.255448,0.000000,0.135240,0.001512,false,269,742,1.2264,1.4840,aecff53fde448800
distributed,4,2000,1414.2136,1414.2136,500,0.299934,0.300039,0.257918,0.128890,0.005121,0.000953,true,269,742,1.2264,1.4840,aecff53fde448800
distributed,4,2000,1414.2136,1414.2136,500,0.302306,0.302424,0.262918,0.131737,0.005332,0.000862,true,269,742,1.2264,1.4840,aecff53fde448800
distributed,4,2000,1414.2136,1414.2136,500,0.305732,0.305844,0.269768,0.135523,0.005344,0.000787,true,269,742,1.2264,1.4840,aecff53fde448800
distributed,5,2000,1414.2136,1414.2136,500,0.332861,0.333061,0.253672,0.000000,0.148473,0.005071,false,194,670,1.3114,1.6750,aecff53fde448800
distributed,5,2000,1414.2136,1414.2136,500,0.333133,0.333336,0.263786,0.000000,0.151745,0.001840,false,194,670,1.3114,1.6750,aecff53fde448800
distributed,5,2000,1414.2136,1414.2136,500,0.329292,0.329462,0.270331,0.000000,0.151488,0.002410,false,194,670,1.3114,1.6750,aecff53fde448800
distributed,5,2000,1414.2136,1414.2136,500,0.344414,0.344632,0.281495,0.000000,0.156554,0.003645,false,194,670,1.3114,1.6750,aecff53fde448800
distributed,5,2000,1414.2136,1414.2136,500,0.343426,0.343614,0.273237,0.000000,0.164008,0.001889,false,194,670,1.3114,1.6750,aecff53fde448800
distributed,5,2000,1414.2136,1414.2136,500,0.326143,0.326333,0.257770,0.144552,0.006808,0.001996,true,194,670,1.3114,1.6750,aecff53fde448800
distributed,5,2000,1414.2136,1414.2136,500,0.361472,0.361716,0.265671,0.159872,0.027750,0.005201,true,194,670,1.3114,1.6750,aecff53fde448800
distributed,5,2000,1414.2136,1414.2136,500,0.365942,0.366123,0.275890,0.159829,0.017114,0.012095,true,194,670,1.3114,1.6750,aecff53fde448800
distributed,8,2000,1414.2136,1414.2136,500,0.281702,0.281926,0.223171,0.000000,0.144799,0.047504,false,37,514,1.4261,2.0600,aecff53fde448800
distributed,8,2000,1414.2136,1414.2136,500,0.285494,0.285711,0.225983,0.000000,0.134749,0.059473,false,37,514,1.4261,2.0600,aecff53fde448800
distributed,8,2000,1414.2136,1414.2136,500,0.284209,0.284429,0.232232,0.000000,0.136279,0.056594,false,37,514,1.4261,2.0600,aecff53fde448800
distributed,8,2000,1414.2136,1414.2136,500,0.283111,0.283322,0.217031,0.000000,0.128992,0.060178,false,37,514,1.4261,2.0600,aecff53fde448800
distributed,8,2000,1414.2136,1414.2136,500,0.292191,0.292411,0.222555,0.000000,0.148879,0.055335,false,37,514,1.4261,2.0600,aecff53fde448800
distributed,8,2000,1414.2136,1414.2136,500,0.281581,0.281828,0.220042,0.183283,0.006975,0.001894,true,37,514,1.4261,2.0600,aecff53fde448800
distributed,8,2000,1414.2136,1414.2136,500,0.288937,0.289167,0.236246,0.195379,0.007214,0.002085,true,37,514,1.4261,2.0600,aecff53fde448800
distributed,8,2000,1414.2136,1414.2136,500,0.282533,0.282763,0.224404,0.187525,0.007209,0.001964,true,37,514,1.4261,2.0600,aecff53fde448800
distributed,10,2000,1414.2136,1414.2136,500,0.258410,0.259327,0.202649,0.000000,0.145110,0.044314,false,28,336,1.4237,1.8550,aecff53fde448800
distributed,10,2000,1414.2136,1414.2136,500,0.258944,0.259875,0.201019,0.000000,0.142443,0.045859,false,28,336,1.4237,1.8550,aecff53fde448800
distributed,10,2000,1414.2136,1414.2136,500,0.264894,0.269811,0.199841,0.000000,0.140156,0.051279,false,28,336,1.4237,1.8550,aecff53fde448800
distributed,10,2000,1414.2136,1414.2136,500,0.255623,0.256574,0.187104,0.000000,0.132042,0.043065,false,28,336,1.4237,1.8550,aecff53fde448800
distributed,10,2000,1414.2136,1414.2136,500,0.265199,0.266096,0.207828,0.000000,0.140221,0.053633,false,28,336,1.4237,1.8550,aecff53fde448800
distributed,10,2000,1414.2136,1414.2136,500,0.256930,0.257722,0.190772,0.162125,0.013122,0.006751,true,28,336,1.4237,1.8550,aecff53fde448800
distributed,10,2000,1414.2136,1414.2136,500,0.256436,0.257413,0.198790,0.171344,0.008577,0.003621,true,28,336,1.4237,1.8550,aecff53fde448800
distributed,10,2000,1414.2136,1414.2136,500,0.252853,0.253624,0.199731,0.175732,0.007356,0.003217,true,28,336,1.4237,1.8550,aecff53fde448800
sequential,1,4000,2000.0000,2000.0000,500,1.732196,1.766703,1.732196,0.000000,0.000000,0.000000,false,4000,4000,1.0000,1.0000,e97ef2c9e050ec40
sequential,1,4000,2000.0000,2000.0000,500,1.722405,1.757047,1.722405,0.000000,0.000000,0.000000,false,4000,4000,1.0000,1.0000,e97ef2c9e050ec40
sequential,1,4000,2000.0000,2000.0000,500,1.717915,1.752532,1.717915,0.000000,0.000000,0.000000,false,4000,4000,1.0000,1.0000,e97ef2c9e050ec40
sequential,1,4000,2000.0000,2000.0000,500,1.732626,1.768479,1.732626,0.000000,0.000000,0.000000,false,4000,4000,1.0000,1.0000,e97ef2c9e050ec40
sequential,1,4000,2000.0000,2000.0000,500,1.731520,1.766186,1.731520,0.000000,0.000000,0.000000,false,4000,4000,1.0000,1.0000,e97ef2c9e050ec40
distributed,1,4000,2000.0000,2000.0000,500,1.686364,1.686468,1.681855,0.000000,0.004494,0.000014,false,4000,4000,1.0000,1.0000,e97ef2c9e050ec40
distributed,1,4000,2000.0000,2000.0000,500,1.698927,1.699040,1.694323,0.000000,0.004584,0.000020,false,4000,4000,1.0000,1.0000,e97ef2c9e050ec40
distributed,1,4000,2000.0000,2000.0000,500,1.683547,1.683651,1.678909,0.000000,0.004618,0.000019,false,4000,4000,1.0000,1.0000,e97ef2c9e050ec40
distributed,1,4000,2000.0000,2000.0000,500,1.679400,1.679499,1.674848,0.000000,0.004538,0.000014,false,4000,4000,1.0000,1.0000,e97ef2c9e050ec40
distributed,1,4000,2000.0000,2000.0000,500,1.712432,1.712557,1.707647,0.000000,0.004759,0.000026,false,4000,4000,1.0000,1.0000,e97ef2c9e050ec40
distributed,1,4000,2000.0000,2000.0000,500,1.690847,1.690954,1.686292,0.000013,0.004532,0.000010,true,4000,4000,1.0000,1.0000,e97ef2c9e050ec40
distributed,1,4000,2000.0000,2000.0000,500,1.694477,1.694578,1.689977,0.000016,0.004476,0.000009,true,4000,4000,1.0000,1.0000,e97ef2c9e050ec40
distributed,1,4000,2000.0000,2000.0000,500,1.685386,1.685511,1.680798,0.000015,0.004563,0.000009,true,4000,4000,1.0000,1.0000,e97ef2c9e050ec40
distributed,2,4000,2000.0000,2000.0000,500,0.982641,0.982723,0.952063,0.000000,0.266309,0.000830,false,1383,2617,1.1083,1.3100,e97ef2c9e050ec40
distributed,2,4000,2000.0000,2000.0000,500,0.984177,0.984259,0.956342,0.000000,0.278386,0.000831,false,1383,2617,1.1083,1.3100,e97ef2c9e050ec40
distributed,2,4000,2000.0000,2000.0000,500,0.979458,0.979538,0.953879,0.000000,0.276848,0.000813,false,1383,2617,1.1083,1.3100,e97ef2c9e050ec40
distributed,2,4000,2000.0000,2000.0000,500,1.017369,1.017471,0.980911,0.000000,0.288841,0.000898,false,1383,2617,1.1083,1.3100,e97ef2c9e050ec40
distributed,2,4000,2000.0000,2000.0000,500,0.997265,0.997343,0.970474,0.000000,0.280136,0.000876,false,1383,2617,1.1083,1.3100,e97ef2c9e050ec40
distributed,2,4000,2000.0000,2000.0000,500,1.000571,1.000660,0.968603,0.273986,0.007857,0.000159,true,1383,2617,1.1083,1.3100,e97ef2c9e050ec40
distributed,2,4000,2000.0000,2000.0000,500,0.979636,0.979725,0.951113,0.263956,0.008025,0.000143,true,1383,2617,1.1083,1.3100,e97ef2c9e050ec40
distributed,2,4000,2000.0000,2000.0000,500,1.006402,1.006509,0.972270,0.269660,0.008588,0.000159,true,1383,2617,1.1083,1.3100,e97ef2c9e050ec40
distributed,4,4000,2000.0000,2000.0000,500,0.667800,0.667910,0.655877,0.000000,0.309991,0.000490,false,652,1445,1.3006,1.5230,e97ef2c9e050ec40
distributed,4,4000,2000.0000,2000.0000,500,0.676204,0.676330,0.665871,0.000000,0.310947,0.000513,false,652,1445,1.3006,1.5230,e97ef2c9e050ec40
distributed,4,4000,2000.0000,2000.0000,500,0.675339,0.675444,0.666204,0.000000,0.314528,0.000555,false,652,1445,1.3006,1.5230,e97ef2c9e050ec40
distributed,4,4000,2000.0000,2000.0000,500,0.679111,0.679226,0.663652,0.000000,0.291179,0.000489,false,652,1445,1.3006,1.5230,e97ef2c9e050ec40
distributed,4,4000,2000.0000,2000.0000,500,0.672155,0.672320,0.660264,0.000000,0.298638,0.000552,false,652,1445,1.3006,1.5230,e97ef2c9e050ec40
distributed,4,4000,2000.0000,2000.0000,500,0.681862,0.682004,0.670171,0.296192,0.008354,0.001524,true,652,1445,1.3006,1.5230,e97ef2c9e050ec40
distributed,4,4000,2000.0000,2000.0000,500,0.709411,0.709596,0.692953,0.310568,0.008830,0.001297,true,652,1445,1.3006,1.5230,e97ef2c9e050ec40
distributed,4,4000,2000.0000,2000.0000,500,0.711236,0.711363,0.701310,0.324355,0.008249,0.001582,true,652,1445,1.3006,1.5230,e97ef2c9e050ec40
distributed,5,4000,2000.0000,2000.0000,500,0.706702,0.706857,0.611132,0.000000,0.434880,0.002209,false,321,1157,1.3295,1.5562,e97ef2c9e050ec40
distributed,5,4000,2000.0000,2000.0000,500,0.691316,0.691487,0.608736,0.000000,0.433395,0.002103,false,321,1157,1.3295,1.5562,e97ef2c9e050ec40
distributed,5,4000,2000.0000,2000.0000,500,0.678865,0.679024,0.597870,0.000000,0.395933,0.002105,false,321,1157,1.3295,1.5562,e97ef2c9e050ec40
distributed,5,4000,2000.0000,2000.0000,500,0.704014,0.704194,0.628198,0.000000,0.446893,0.002360,false,321,1157,1.3295,1.5562,e97ef2c9e050ec40
distributed,5,4000,2000.0000,2000.0000,500,0.701423,0.701639,0.625004,0.000000,0.430987,0.002316,false,321,1157,1.3295,1.5562,e97ef2c9e050ec40
distributed,5,4000,2000.0000,2000.0000,500,0.673028,0.673232,0.606974,0.393675,0.008907,0.002544,true,321,1157,1.3295,1.5562,e97ef2c9e050ec40
distributed,5,4000,2000.0000,2000.0000,500,0.690970,0.691167,0.605324,0.409182,0.010211,0.002957,true,321,1157,1.3295,1.5562,e97ef2c9e050ec40
distributed,5,4000,2000.0000,2000.0000,500,0.700049,0.700262,0.610760,0.416150,0.008996,0.002239,true,321,1157,1.3295,1.5562,e97ef2c9e050ec40
distributed,8,4000,2000.0000,2000.0000,500,0.604741,0.605075,0.551651,0.000000,0.423729,0.124618,false,264,850,1.5117,1.8700,e97ef2c9e050ec40
distributed,8,4000,2000.0000,2000.0000,500,0.610952,0.611204,0.549896,0.000000,0.431659,0.133773,false,264,850,1.5117,1.8700,e97ef2c9e050ec40
distributed,8,4000,2000.0000,2000.0000,500,0.601675,0.601928,0.550045,0.000000,0.412981,0.129243,false,264,850,1.5117,1.8700,e97ef2c9e050ec40
distributed,8,4000,2000.0000,2000.0000,500,0.611210,0.611462,0.552860,0.000000,0.425455,0.127637,false,264,850,1.5117,1.8700,e97ef2c9e050ec40
distributed,8,4000,2000.0000,2000.0000,500,0.607287,0.607532,0.548706,0.000000,0.416158,0.127565,false,264,850,1.5117,1.8700,e97ef2c9e050ec40
distributed,8,4000,2000.0000,2000.0000,500,0.616977,0.617208,0.558994,0.427614,0.010574,0.003313,true,264,850,1.5117,1.8700,e97ef2c9e050ec40
distributed,8,4000,2000.0000,2000.0000,500,0.608413,0.608672,0.550933,0.417374,0.010286,0.003235,true,264,850,1.5117,1.8700,e97ef2c9e050ec40
distributed,8,4000,2000.0000,2000.0000,500,0.614426,0.614675,0.561758,0.416860,0.010555,0.003301,true,264,850,1.5117,1.8700,e97ef2c9e050ec40
distributed,10,4000,2000.0000,2000.0000,500,0.579517,0.585951,0.451957,0.000000,0.424695,0.099400,false,75,689,1.5403,1.9075,e97ef2c9e050ec40
distributed,10,4000,2000.0000,2000.0000,500,0.555865,0.556971,0.454966,0.000000,0.412047,0.080465,false,75,689,1.5403,1.9075,e97ef2c9e050ec40
distributed,10,4000,2000.0000,2000.0000,500,0.558824,0.559780,0.445815,0.000000,0.409138,0.074573,false,75,689,1.5403,1.9075,e97ef2c9e050ec40
distributed,10,4000,2000.0000,2000.0000,500,0.557793,0.560291,0.461231,0.000000,0.423942,0.087818,false,75,689,1.5403,1.9075,e97ef2c9e050ec40
distributed,10,4000,2000.0000,2000.0000,500,0.546569,0.547537,0.459511,0.000000,0.416781,0.081247,false,75,689,1.5403,1.9075,e97ef2c9e050ec40
distributed,10,4000,2000.0000,2000.0000,500,0.551686,0.552647,0.451233,0.443709,0.014215,0.006094,true,75,689,1.5403,1.9075,e97ef2c9e050ec40
distributed,10,4000,2000.0000,2000.0000,500,0.581727,0.582827,0.480818,0.464912,0.019051,0.012225,true,75,689,1.5403,1.9075,e97ef2c9e050ec40
distributed,10,4000,2000.0000,2000.0000,500,0.552876,0.553937,0.456445,0.439547,0.012387,0.005277,true,75,689,1.5403,1.9075,e97ef2c9e050ec40
sequential,1,8000,2828.4271,2828.4271,500,3.615947,3.687619,3.615947,0.000000,0.000000,0.000000,false,8000,8000,1.0000,1.0000,8c0d26705cb79225
sequential,1,8000,2828.4271,2828.4271,500,3.572693,3.642846,3.572693,0.000000,0.000000,0.000000,false,8000,8000,1.0000,1.0000,8c0d26705cb79225
sequential,1,8000,2828.4271,2828.4271,500,3.565857,3.636583,3.565857,0.000000,0.000000,0.000000,false,8000,8000,1.0000,1.0000,8c0d26705cb79225
sequential,1,8000,2828.4271,2828.4271,500,3.546300,3.617061,3.546300,0.000000,0.000000,0.000000,false,8000,8000,1.0000,1.0000,8c0d26705cb79225
sequential,1,8000,2828.4271,2828.4271,500,3.551220,3.621808,3.551220,0.000000,0.000000,0.000000,false,8000,8000,1.0000,1.0000,8c0d26705cb79225
distributed,1,8000,2828.4271,2828.4271,500,3.547237,3.547384,3.538800,0.000000,0.008405,0.000032,false,8000,8000,1.0000,1.0000,8c0d26705cb79225
distributed,1,8000,2828.4271,2828.4271,500,3.548561,3.548681,3.540275,0.000000,0.008265,0.000021,false,8000,8000,1.0000,1.0000,8c0d26705cb79225
distributed,1,8000,2828.4271,2828.4271,500,3.491151,3.491296,3.482787,0.000000,0.008340,0.000024,false,8000,8000,1.0000,1.0000,8c0d26705cb79225
distributed,1,8000,2828.4271,2828.4271,500,3.502713,3.502859,3.494356,0.000000,0.008335,0.000022,false,8000,8000,1.0000,1.0000,8c0d26705cb79225
distributed,1,8000,2828.4271,2828.4271,500,3.550846,3.550994,3.542344,0.000000,0.008471,0.000031,false,8000,8000,1.0000,1.0000,8c0d26705cb79225
distributed,1,8000,2828.4271,2828.4271,500,3.519812,3.519972,3.511313,0.000026,0.008465,0.000009,true,8000,8000,1.0000,1.0000,8c0d26705cb79225
distributed,1,8000,2828.4271,2828.4271,500,3.496733,3.496885,3.488367,0.000025,0.008332,0.000009,true,8000,8000,1.0000,1.0000,8c0d26705cb79225
distributed,1,8000,2828.4271,2828.4271,500,3.500203,3.500359,3.490971,0.000056,0.009165,0.000010,true,8000,8000,1.0000,1.0000,8c0d26705cb79225
distributed,2,8000,2828.4271,2828.4271,500,1.876029,1.876127,1.858916,0.000000,0.259116,0.000134,false,3579,4421,1.0408,1.1053,8c0d26705cb79225
distributed,2,8000,2828.4271,2828.4271,500,1.887581,1.887691,1.856221,0.000000,0.254986,0.000162,false,3579,4421,1.0408,1.1053,8c0d26705cb79225
distributed,2,8000,2828.4271,2828.4271,500,1.890526,1.890616,1.867948,0.000000,0.248804,0.000149,false,3579,4421,1.0408,1.1053,8c0d26705cb79225
distributed,2,8000,2828.4271,2828.4271,500,1.886915,1.887014,1.855893,0.000000,0.238315,0.000143,false,3579,4421,1.0408,1.1053,8c0d26705cb79225
distributed,2,8000,2828.4271,2828.4271,500,1.906121,1.906235,1.874709,0.000000,0.260768,0.000204,false,3579,4421,1.0408,1.1053,8c0d26705cb79225
distributed,2,8000,2828.4271,2828.4271,500,1.906141,1.906243,1.894412,0.288185,0.011151,0.000136,true,3579,4421,1.0408,1.1053,8c0d26705cb79225
distributed,2,8000,2828.4271,2828.4271,500,1.909314,1.909444,1.875371,0.261434,0.011931,0.000162,true,3579,4421,1.0408,1.1053,8c0d26705cb79225
distributed,2,8000,2828.4271,2828.4271,500,1.882390,1.882496,1.862976,0.250514,0.011277,0.000125,true,3579,4421,1.0408,1.1053,8c0d26705cb79225
distributed,4,8000,2828.4271,2828.4271,500,1.107369,1.107484,1.088819,0.000000,0.222961,0.001443,false,1546,2430,1.0857,1.2160,8c0d26705cb79225
distributed,4,8000,2828.4271,2828.4271,500,1.114072,1.114191,1.096158,0.000000,0.222448,0.001497,false,1546,2430,1.0857,1.2160,8c0d26705cb79225
distributed,4,8000,2828.4271,2828.4271,500,1.172912,1.173076,1.135266,0.000000,0.239772,0.003762,false,1546,2430,1.0857,1.2160,8c0d26705cb79225
distributed,4,8000,2828.4271,2828.4271,500,1.138477,1.138597,1.120659,0.000000,0.232415,0.001421,false,1546,2430,1.0857,1.2160,8c0d26705cb79225
distributed,4,8000,2828.4271,2828.4271,500,1.143306,1.143420,1.121850,0.000000,0.220445,0.001339,false,1546,2430,1.0857,1.2160,8c0d26705cb79225
distributed,4,8000,2828.4271,2828.4271,500,1.145897,1.146027,1.129041,0.224745,0.010202,0.000448,true,1546,2430,1.0857,1.2160,8c0d26705cb79225
distributed,4,8000,2828.4271,2828.4271,500,1.166813,1.167012,1.143675,0.240501,0.011373,0.000603,true,1546,2430,1.0857,1.2160,8c0d26705cb79225
distributed,4,8000,2828.4271,2828.4271,500,1.149358,1.149511,1.132683,0.225222,0.010704,0.000468,true,1546,2430,1.0857,1.2160,8c0d26705cb79225
distributed,5,8000,2828.4271,2828.4271,500,1.281240,1.281470,1.110511,0.000000,0.540469,0.002651,false,1230,2120,1.1336,1.3275,8c0d26705cb79225
distributed,5,8000,2828.4271,2828.4271,500,1.285944,1.286191,1.120777,0.000000,0.540308,0.005748,false,1230,2120,1.1336,1.3275,8c0d26705cb79225
distributed,5,8000,2828.4271,2828.4271,500,1.334181,1.334449,1.143948,0.000000,0.570157,0.014065,false,1230,2120,1.1336,1.3275,8c0d26705cb79225
distributed,5,8000,2828.4271,2828.4271,500,1.286820,1.287067,1.130140,0.000000,0.558728,0.002593,false,1230,2120,1.1336,1.3275,8c0d26705cb79225
distributed,5,8000,2828.4271,2828.4271,500,1.289216,1.289497,1.129870,0.000000,0.532940,0.003010,false,1230,2120,1.1336,1.3275,8c0d26705cb79225
distributed,5,8000,2828.4271,2828.4271,500,1.318025,1.318310,1.157578,0.548311,0.016779,0.002239,true,1230,2120,1.1336,1.3275,8c0d26705cb79225
distributed,5,8000,2828.4271,2828.4271,500,1.275226,1.275463,1.125550,0.508575,0.015188,0.002171,true,1230,2120,1.1336,1.3275,8c0d26705cb79225
distributed,5,8000,2828.4271,2828.4271,500,1.295725,1.295989,1.130511,0.533431,0.015603,0.001970,true,1230,2120,1.1336,1.3275,8c0d26705cb79225
distributed,8,8000,2828.4271,2828.4271,500,0.919596,0.919810,0.765616,0.000000,0.333237,0.039389,false,753,1268,1.1263,1.2680,8c0d26705cb79225
distributed,8,8000,2828.4271,2828.4271,500,0.976848,0.977122,0.801853,0.000000,0.379693,0.059415,false,753,1268,1.1263,1.2680,8c0d26705cb79225
distributed,8,8000,2828.4271,2828.4271,500,0.919549,0.919810,0.764128,0.000000,0.324225,0.037041,false,753,1268,1.1263,1.2680,8c0d26705cb79225
distributed,8,8000,2828.4271,2828.4271,500,0.918877,0.919140,0.776638,0.000000,0.330024,0.033245,false,753,1268,1.1263,1.2680,8c0d26705cb79225
distributed,8,8000,2828.4271,2828.4271,500,0.930486,0.930753,0.758161,0.000000,0.336949,0.038146,false,753,1268,1.1263,1.2680,8c0d26705cb79225
distributed,8,8000,2828.4271,2828.4271,500,0.922525,0.922790,0.752564,0.346967,0.015170,0.002947,true,753,1268,1.1263,1.2680,8c0d26705cb79225
distributed,8,8000,2828.4271,2828.4271,500,0.927937,0.928249,0.774497,0.335506,0.018330,0.003577,true,753,1268,1.1263,1.2680,8c0d26705cb79225
distributed,8,8000,2828.4271,2828.4271,500,0.923541,0.923802,0.771162,0.349220,0.014985,0.002462,true,753,1268,1.1263,1.2680,8c0d26705cb79225
distributed,10,8000,2828.4271,2828.4271,500,0.904274,0.907295,0.822341,0.000000,0.414913,0.149176,false,605,1338,1.2762,1.6725,8c0d26705cb79225
distributed,10,8000,2828.4271,2828.4271,500,0.939999,0.940696,0.841099,0.000000,0.435672,0.167208,false,605,1338,1.2762,1.6725,8c0d26705cb79225
distributed,10,8000,2828.4271,2828.4271,500,1.017905,1.020380,0.835163,0.000000,0.460178,0.185455,false,605,1338,1.2762,1.6725,8c0d26705cb79225
distributed,10,8000,2828.4271,2828.4271,500,1.116314,1.120349,0.852074,0.000000,0.522611,0.215411,false,605,1338,1.2762,1.6725,8c0d26705cb79225
distributed,10,8000,2828.4271,2828.4271,500,1.210512,1.229088,0.893241,0.000000,0.563255,0.259444,false,605,1338,1.2762,1.6725,8c0d26705cb79225
distributed,10,8000,2828.4271,2828.4271,500,1.258979,1.259740,0.869070,0.645981,0.102443,0.064421,true,605,1338,1.2762,1.6725,8c0d26705cb79225
distributed,10,8000,2828.4271,2828.4271,500,1.195426,1.199151,0.858033,0.605653,0.108159,0.069693,true,605,1338,1.2762,1.6725,8c0d26705cb79225
distributed,10,8000,2828.4271,2828.4271,500,1.176637,1.177494,0.874882,0.575026,0.090520,0.057310,true,605,1338,1.2762,1.6725,8c0d26705cb79225
sequential,1,16000,4000.0000,4000.0000,500,7.128069,7.270345,7.128069,0.000000,0.000000,0.000000,false,16000,16000,1.0000,1.0000,1284ef787559847c
sequential,1,16000,4000.0000,4000.0000,500,7.229060,7.371789,7.229060,0.000000,0.000000,0.000000,false,16000,16000,1.0000,1.0000,1284ef787559847c
sequential,1,16000,4000.0000,4000.0000,500,7.118854,7.260668,7.118854,0.000000,0.000000,0.000000,false,16000,16000,1.0000,1.0000,1284ef787559847c
sequential,1,16000,4000.0000,4000.0000,500,7.097637,7.238602,7.097637,0.000000,0.000000,0.000000,false,16000,16000,1.0000,1.0000,1284ef787559847c
sequential,1,16000,4000.0000,4000.0000,500,7.117383,7.259112,7.117383,0.000000,0.000000,0.000000,false,16000,16000,1.0000,1.0000,1284ef787559847c
distributed,1,16000,4000.0000,4000.0000,500,7.115137,7.115354,7.098860,0.000000,0.016213,0.000063,false,16000,16000,1.0000,1.0000,1284ef787559847c
distributed,1,16000,4000.0000,4000.0000,500,6.992296,6.992499,6.976316,0.000000,0.015937,0.000043,false,16000,16000,1.0000,1.0000,1284ef787559847c
distributed,1,16000,4000.0000,4000.0000,500,7.141158,7.141373,7.125064,0.000000,0.016050,0.000044,false,16000,16000,1.0000,1.0000,1284ef787559847c
distributed,1,16000,4000.0000,4000.0000,500,7.073159,7.073363,7.057159,0.000000,0.015952,0.000047,false,16000,16000,1.0000,1.0000,1284ef787559847c
distributed,1,16000,4000.0000,4000.0000,500,7.013363,7.013585,6.996990,0.000000,0.016311,0.000062,false,16000,16000,1.0000,1.0000,1284ef787559847c
distributed,1,16000,4000.0000,4000.0000,500,6.970833,6.971047,6.954794,0.000044,0.015983,0.000012,true,16000,16000,1.0000,1.0000,1284ef787559847c
distributed,1,16000,4000.0000,4000.0000,500,7.123577,7.123791,7.107482,0.000052,0.016032,0.000011,true,16000,16000,1.0000,1.0000,1284ef787559847c
distributed,1,16000,4000.0000,4000.0000,500,7.074373,7.074580,7.058376,0.000041,0.015946,0.000011,true,16000,16000,1.0000,1.0000,1284ef787559847c
distributed,2,16000,4000.0000,4000.0000,500,3.753091,3.753236,3.688331,0.000000,0.166501,0.000186,false,7460,8540,1.0262,1.0717,1284ef787559847c
distributed,2,16000,4000.0000,4000.0000,500,3.716122,3.716294,3.668742,0.000000,0.197246,0.000213,false,7460,8540,1.0262,1.0717,1284ef787559847c
distributed,2,16000,4000.0000,4000.0000,500,3.661425,3.661551,3.602699,0.000000,0.167053,0.000207,false,7460,8540,1.0262,1.0717,1284ef787559847c
distributed,2,16000,4000.0000,4000.0000,500,3.676973,3.677129,3.595981,0.000000,0.138777,0.000214,false,7460,8540,1.0262,1.0717,1284ef787559847c
distributed,2,16000,4000.0000,4000.0000,500,3.682208,3.682338,3.629339,0.000000,0.185432,0.000184,false,7460,8540,1.0262,1.0717,1284ef787559847c
distributed,2,16000,4000.0000,4000.0000,500,3.718413,3.718575,3.666280,0.183759,0.020660,0.000173,true,7460,8540,1.0262,1.0717,1284ef787559847c
distributed,2,16000,4000.0000,4000.0000,500,3.656707,3.656835,3.588826,0.153647,0.019311,0.000128,true,7460,8540,1.0262,1.0717,1284ef787559847c
distributed,2,16000,4000.0000,4000.0000,500,3.630992,3.631100,3.530550,0.105276,0.018805,0.000158,true,7460,8540,1.0262,1.0717,1284ef787559847c
distributed,4,16000,4000.0000,4000.0000,500,2.145411,2.145560,2.084987,0.000000,0.321855,0.001494,false,3642,4324,1.0547,1.0915,1284ef787559847c
distributed,4,16000,4000.0000,4000.0000,500,2.167918,2.168057,2.109106,0.000000,0.323037,0.001359,false,3642,4324,1.0547,1.0915,1284ef787559847c
distributed,4,16000,4000.0000,4000.0000,500,2.213815,2.213966,2.140713,0.000000,0.349352,0.002910,false,3642,4324,1.0547,1.0915,1284ef787559847c
distributed,4,16000,4000.0000,4000.0000,500,2.224431,2.224538,2.167958,0.000000,0.327555,0.001396,false,3642,4324,1.0547,1.0915,1284ef787559847c
distributed,4,16000,4000.0000,4000.0000,500,2.243058,2.243208,2.183150,0.000000,0.340938,0.001566,false,3642,4324,1.0547,1.0915,1284ef787559847c
distributed,4,16000,4000.0000,4000.0000,500,2.212502,2.212648,2.156241,0.282039,0.015381,0.000448,true,3642,4324,1.0547,1.0915,1284ef787559847c
distributed,4,16000,4000.0000,4000.0000,500,2.231879,2.232020,2.153347,0.310181,0.015655,0.000476,true,3642,4324,1.0547,1.0915,1284ef787559847c
distributed,4,16000,4000.0000,4000.0000,500,2.285782,2.285946,2.196722,0.329007,0.017717,0.000475,true,3642,4324,1.0547,1.0915,1284ef787559847c
distributed,5,16000,4000.0000,4000.0000,500,2.428631,2.428912,1.958135,0.000000,0.706487,0.002974,false,3025,3502,1.0479,1.1025,1284ef787559847c
distributed,5,16000,4000.0000,4000.0000,500,2.409016,2.409318,1.991162,0.000000,0.635662,0.003163,false,3025,3502,1.0479,1.1025,1284ef787559847c
distributed,5,16000,4000.0000,4000.0000,500,2.384047,2.384371,1.986974,0.000000,0.585663,0.004288,false,3025,3502,1.0479,1.1025,1284ef787559847c
distributed,5,16000,4000.0000,4000.0000,500,2.430231,2.430554,2.039616,0.000000,0.618727,0.003134,false,3025,3502,1.0479,1.1025,1284ef787559847c
distributed,5,16000,4000.0000,4000.0000,500,2.416117,2.416416,2.004729,0.000000,0.642813,0.003104,false,3025,3502,1.0479,1.1025,1284ef787559847c
distributed,5,16000,4000.0000,4000.0000,500,2.419441,2.419753,2.016276,0.629826,0.023902,0.002446,true,3025,3502,1.0479,1.1025,1284ef787559847c
distributed,5,16000,4000.0000,4000.0000,500,2.412194,2.412517,1.987278,0.611045,0.022458,0.001731,true,3025,3502,1.0479,1.1025,1284ef787559847c
distributed,5,16000,4000.0000,4000.0000,500,2.384191,2.384487,2.012485,0.598392,0.023862,0.002281,true,3025,3502,1.0479,1.1025,1284ef787559847c
distributed,8,16000,4000.0000,4000.0000,500,1.843631,1.843922,1.662351,0.000000,0.796569,0.103143,false,1745,2452,1.1498,1.2750,1284ef787559847c
distributed,8,16000,4000.0000,4000.0000,500,1.875381,1.875710,1.646857,0.000000,0.809567,0.093162,false,1745,2452,1.1498,1.2750,1284ef787559847c
distributed,8,16000,4000.0000,4000.0000,500,1.825970,1.826276,1.653546,0.000000,0.745990,0.093946,false,1745,2452,1.1498,1.2750,1284ef787559847c
distributed,8,16000,4000.0000,4000.0000,500,1.843439,1.843768,1.666381,0.000000,0.746257,0.091158,false,1745,2452,1.1498,1.2750,1284ef787559847c
distributed,8,16000,4000.0000,4000.0000,500,1.838274,1.838574,1.636923,0.000000,0.762240,0.084920,false,1745,2452,1.1498,1.2750,1284ef787559847c
distributed,8,16000,4000.0000,4000.0000,500,1.851246,1.851567,1.655092,0.764898,0.024151,0.002883,true,1745,2452,1.1498,1.2750,1284ef787559847c
distributed,8,16000,4000.0000,4000.0000,500,1.860655,1.868642,1.677273,0.765197,0.024825,0.003412,true,1745,2452,1.1498,1.2750,1284ef787559847c
distributed,8,16000,4000.0000,4000.0000,500,1.836534,1.836898,1.641647,0.741135,0.022752,0.002652,true,1745,2452,1.1498,1.2750,1284ef787559847c
distributed,10,16000,4000.0000,4000.0000,500,1.573505,1.574951,1.354718,0.000000,0.507122,0.090818,false,1121,2117,1.1278,1.3231,1284ef787559847c
distributed,10,16000,4000.0000,4000.0000,500,1.610571,1.611838,1.371150,0.000000,0.536494,0.102004,false,1121,2117,1.1278,1.3231,1284ef787559847c
distributed,10,16000,4000.0000,4000.0000,500,1.538518,1.539721,1.340287,0.000000,0.508473,0.081453,false,1121,2117,1.1278,1.3231,1284ef787559847c
distributed,10,16000,4000.0000,4000.0000,500,1.598523,1.617433,1.349361,0.000000,0.543666,0.098561,false,1121,2117,1.1278,1.3231,1284ef787559847c
distributed,10,16000,4000.0000,4000.0000,500,1.553181,1.554358,1.312112,0.000000,0.506006,0.062403,false,1121,2117,1.1278,1.3231,1284ef787559847c
distributed,10,16000,4000.0000,4000.0000,500,1.587141,1.588395,1.330607,0.540460,0.036632,0.010032,true,1121,2117,1.1278,1.3231,1284ef787559847c
distributed,10,16000,4000.0000,4000.0000,500,1.677220,1.678375,1.386224,0.580845,0.060302,0.037405,true,1121,2117,1.1278,1.3231,1284ef787559847c
distributed,10,16000,4000.0000,4000.0000,500,1.598392,1.599656,1.353013,0.543752,0.042996,0.014329,true,1121,2117,1.1278,1.3231,1284ef787559847c
distributed,1,500,1000.0000,1000.0000,500,0.126004,0.126057,0.125447,0.000000,0.000547,0.000009,false,500,500,1.0000,1.0000,407a522c9015d2f3
distributed,1,500,1000.0000,1000.0000,500,0.126670,0.126723,0.126120,0.000000,0.000541,0.000010,false,500,500,1.0000,1.0000,407a522c9015d2f3
distributed,1,500,1000.0000,1000.0000,500,0.130400,0.130454,0.129832,0.000000,0.000558,0.000009,false,500,500,1.0000,1.0000,407a522c9015d2f3
distributed,1,500,1000.0000,1000.0000,500,0.128585,0.128634,0.128039,0.000000,0.000537,0.000010,false,500,500,1.0000,1.0000,407a522c9015d2f3
distributed,1,500,1000.0000,1000.0000,500,0.128567,0.128619,0.128011,0.000000,0.000547,0.000009,false,500,500,1.0000,1.0000,407a522c9015d2f3
distributed,2,1000,1000.0000,1000.0000,500,0.204916,0.204976,0.199229,0.000000,0.044389,0.000653,false,486,514,1.1198,1.2260,1f46683aaa4980b7
distributed,2,1000,1000.0000,1000.0000,500,0.207847,0.207905,0.201809,0.000000,0.045082,0.000721,false,486,514,1.1198,1.2260,1f46683aaa4980b7
distributed,2,1000,1000.0000,1000.0000,500,0.209810,0.209869,0.204196,0.000000,0.048937,0.000832,false,486,514,1.1198,1.2260,1f46683aaa4980b7
distributed,2,1000,1000.0000,1000.0000,500,0.210702,0.210764,0.205077,0.000000,0.047793,0.000775,false,486,514,1.1198,1.2260,1f46683aaa4980b7
distributed,2,1000,1000.0000,1000.0000,500,0.209102,0.209161,0.203829,0.000000,0.049180,0.000764,false,486,514,1.1198,1.2260,1f46683aaa4980b7
distributed,4,2000,1000.0000,1000.0000,500,0.409025,0.409126,0.402759,0.000000,0.219781,0.001082,false,305,923,1.4222,1.8460,79bca07da141004a
distributed,4,2000,1000.0000,1000.0000,500,0.408370,0.408462,0.402017,0.000000,0.213722,0.000712,false,305,923,1.4222,1.8460,79bca07da141004a
distributed,4,2000,1000.0000,1000.0000,500,0.412226,0.412314,0.405954,0.000000,0.211582,0.001323,false,305,923,1.4222,1.8460,79bca07da141004a
distributed,4,2000,1000.0000,1000.0000,500,0.410512,0.410589,0.404858,0.000000,0.221739,0.000709,false,305,923,1.4222,1.8460,79bca07da141004a
distributed,4,2000,1000.0000,1000.0000,500,0.424953,0.425042,0.418830,0.000000,0.233251,0.000670,false,305,923,1.4222,1.8460,79bca07da141004a
distributed,5,2500,1000.0000,1000.0000,500,0.640791,0.641060,0.488380,0.000000,0.366366,0.002870,false,202,966,1.3520,1.9320,86d7fa13fbeae0da
distributed,5,2500,1000.0000,1000.0000,500,0.631648,0.631894,0.479950,0.000000,0.368254,0.002493,false,202,966,1.3520,1.9320,86d7fa13fbeae0da
distributed,5,2500,1000.0000,1000.0000,500,0.624218,0.624391,0.486764,0.000000,0.357857,0.002499,false,202,966,1.3520,1.9320,86d7fa13fbeae0da
distributed,5,2500,1000.0000,1000.0000,500,0.642490,0.642740,0.496861,0.000000,0.370831,0.002931,false,202,966,1.3520,1.9320,86d7fa13fbeae0da
distributed,5,2500,1000.0000,1000.0000,500,0.655685,0.655994,0.508114,0.000000,0.370595,0.002674,false,202,966,1.3520,1.9320,86d7fa13fbeae0da
distributed,8,4000,1000.0000,1000.0000,500,1.416390,1.416703,1.345238,0.000000,1.134245,0.424525,false,5,904,1.7990,2.2560,31ac2fb2ea46e567
distributed,8,4000,1000.0000,1000.0000,500,1.460249,1.460626,1.368533,0.000000,1.162085,0.420511,false,5,904,1.7990,2.2560,31ac2fb2ea46e567
distributed,8,4000,1000.0000,1000.0000,500,1.472247,1.472540,1.419312,0.000000,1.195338,0.482922,false,5,904,1.7990,2.2560,31ac2fb2ea46e567
distributed,8,4000,1000.0000,1000.0000,500,1.457343,1.457649,1.393088,0.000000,1.168268,0.478191,false,5,904,1.7990,2.2560,31ac2fb2ea46e567
distributed,8,4000,1000.0000,1000.0000,500,1.532396,1.532742,1.455230,0.000000,1.232551,0.529402,false,5,904,1.7990,2.2560,31ac2fb2ea46e567
distributed,10,5000,1000.0000,1000.0000,500,2.059680,2.064649,1.758906,0.000000,1.644483,0.729583,false,78,1126,1.8606,2.3480,b33f0273d186247f
distributed,10,5000,1000.0000,1000.0000,500,1.832248,1.837143,1.657888,0.000000,1.495663,0.599195,false,78,1126,1.8606,2.3480,b33f0273d186247f
distributed,10,5000,1000.0000,1000.0000,500,2.267149,2.284514,1.842235,0.000000,1.815204,0.906526,false,78,1126,1.8606,2.3480,b33f0273d186247f
distributed,10,5000,1000.0000,1000.0000,500,2.007314,2.033946,1.771360,0.000000,1.616043,0.739223,false,78,1126,1.8606,2.3480,b33f0273d186247f
distributed,10,5000,1000.0000,1000.0000,500,1.994728,1.997607,1.873699,0.000000,1.672444,0.838217,false,78,1126,1.8606,2.3480,b33f0273d186247f
distributed,1,2000,1000.0000,1000.0000,500,1.073290,1.073394,1.070708,0.000000,0.002571,0.000011,false,2000,2000,1.0000,1.0000,79bca07da141004a
distributed,1,2000,1000.0000,1000.0000,500,1.080820,1.080923,1.078220,0.000000,0.002587,0.000013,false,2000,2000,1.0000,1.0000,79bca07da141004a
distributed,1,2000,1000.0000,1000.0000,500,1.102613,1.102726,1.099837,0.000000,0.002754,0.000021,false,2000,2000,1.0000,1.0000,79bca07da141004a
distributed,1,2000,1000.0000,1000.0000,500,1.077987,1.078107,1.075298,0.000000,0.002671,0.000018,false,2000,2000,1.0000,1.0000,79bca07da141004a
distributed,1,2000,1000.0000,1000.0000,500,1.061397,1.061493,1.058781,0.000000,0.002603,0.000013,false,2000,2000,1.0000,1.0000,79bca07da141004a
distributed,2,4000,1000.0000,1000.0000,500,2.253624,2.253730,2.240319,0.000000,0.960728,0.000301,false,1195,2805,1.1976,1.4025,31ac2fb2ea46e567
distributed,2,4000,1000.0000,1000.0000,500,2.240586,2.240712,2.227301,0.000000,0.959750,0.000342,false,1195,2805,1.1976,1.4025,31ac2fb2ea46e567
distributed,2,4000,1000.0000,1000.0000,500,2.214012,2.214111,2.202282,0.000000,0.967115,0.000286,false,1195,2805,1.1976,1.4025,31ac2fb2ea46e567
distributed,2,4000,1000.0000,1000.0000,500,2.247479,2.247598,2.232977,0.000000,0.978114,0.000343,false,1195,2805,1.1976,1.4025,31ac2fb2ea46e567
distributed,2,4000,1000.0000,1000.0000,500,2.188485,2.188587,2.173959,0.000000,0.915781,0.000277,false,1195,2805,1.1976,1.4025,31ac2fb2ea46e567
distributed,4,8000,1000.0000,1000.0000,500,3.359007,3.359192,3.282973,0.000000,1.097501,0.001270,false,1121,2478,1.1216,1.2390,58ee24433ed7dd47
distributed,4,8000,1000.0000,1000.0000,500,3.457622,3.457827,3.360394,0.000000,1.133640,0.001764,false,1121,2478,1.1216,1.2390,58ee24433ed7dd47
distributed,4,8000,1000.0000,1000.0000,500,3.450083,3.450252,3.379141,0.000000,1.097681,0.001760,false,1121,2478,1.1216,1.2390,58ee24433ed7dd47
distributed,4,8000,1000.0000,1000.0000,500,3.589349,3.589567,3.502710,0.000000,1.207383,0.001936,false,1121,2478,1.1216,1.2390,58ee24433ed7dd47
distributed,4,8000,1000.0000,1000.0000,500,3.563014,3.563209,3.457232,0.000000,1.194331,0.001744,false,1121,2478,1.1216,1.2390,58ee24433ed7dd47
distributed,5,10000,1000.0000,1000.0000,500,4.837279,4.837583,4.219121,0.000000,1.755085,0.004314,false,1707,2503,1.1506,1.2515,7a5096d4c2636925
distributed,5,10000,1000.0000,1000.0000,500,4.870729,4.871073,4.242916,0.000000,1.697110,0.003146,false,1707,2503,1.1506,1.2515,7a5096d4c2636925
distributed,5,10000,1000.0000,1000.0000,500,4.920764,4.921067,4.313627,0.000000,1.732905,0.002442,false,1707,2503,1.1506,1.2515,7a5096d4c2636925
distributed,5,10000,1000.0000,1000.0000,500,4.898974,4.899356,4.282611,0.000000,1.743818,0.003278,false,1707,2503,1.1506,1.2515,7a5096d4c2636925
distributed,5,10000,1000.0000,1000.0000,500,4.933381,4.933742,4.379678,0.000000,1.748081,0.002582,false,1707,2503,1.1506,1.2515,7a5096d4c2636925
distributed,8,16000,1000.0000,1000.0000,500,7.773845,7.774198,7.351462,0.000000,2.707619,0.549609,false,1650,2339,1.1305,1.1770,0c692ade9a85e9fc
distributed,8,16000,1000.0000,1000.0000,500,7.727089,7.727481,7.291029,0.000000,2.653493,0.539682,false,1650,2339,1.1305,1.1770,0c692ade9a85e9fc
distributed,8,16000,1000.0000,1000.0000,500,7.741252,7.741193,7.297838,0.000000,2.660257,0.536251,false,1650,2339,1.1305,1.1770,0c692ade9a85e9fc
distributed,8,16000,1000.0000,1000.0000,500,7.775369,7.775662,7.330837,0.000000,2.590582,0.491166,false,1650,2339,1.1305,1.1770,0c692ade9a85e9fc
distributed,8,16000,1000.0000,1000.0000,500,7.770225,7.770577,7.347302,0.000000,2.603061,0.532395,false,1650,2339,1.1305,1.1770,0c692ade9a85e9fc
distributed,10,20000,1000.0000,1000.0000,500,9.843778,9.845011,9.114065,0.000000,3.079380,0.502135,false,1460,2346,1.0915,1.1730,f8d3ba8abeb02009
distributed,10,20000,1000.0000,1000.0000,500,9.882086,9.883367,9.076718,0.000000,3.078477,0.455529,false,1460,2346,1.0915,1.1730,f8d3ba8abeb02009
distributed,10,20000,1000.0000,1000.0000,500,9.847339,9.848977,9.136455,0.000000,3.060729,0.460115,false,1460,2346,1.0915,1.1730,f8d3ba8abeb02009
distributed,10,20000,1000.0000,1000.0000,500,9.869024,9.870316,9.176254,0.000000,3.122861,0.436133,false,1460,2346,1.0915,1.1730,f8d3ba8abeb02009
distributed,10,20000,1000.0000,1000.0000,500,9.991753,9.999658,9.225920,0.000000,3.128317,0.472489,false,1460,2346,1.0915,1.1730,f8d3ba8abeb02009
distributed,1,500,707.1068,707.1068,500,0.214906,0.214956,0.214297,0.000000,0.000599,0.000010,false,500,500,1.0000,1.0000,0655c6347463096f
distributed,1,500,707.1068,707.1068,500,0.211868,0.211928,0.211236,0.000000,0.000623,0.000010,false,500,500,1.0000,1.0000,0655c6347463096f
distributed,1,500,707.1068,707.1068,500,0.195538,0.195597,0.194945,0.000000,0.000583,0.000009,false,500,500,1.0000,1.0000,0655c6347463096f
distributed,1,500,707.1068,707.1068,500,0.198319,0.198382,0.197722,0.000000,0.000589,0.000009,false,500,500,1.0000,1.0000,0655c6347463096f
distributed,1,500,707.1068,707.1068,500,0.207234,0.207296,0.206627,0.000000,0.000599,0.000009,false,500,500,1.0000,1.0000,0655c6347463096f
distributed,2,1000,1000.0000,1000.0000,500,0.207768,0.207832,0.201711,0.000000,0.044426,0.000700,false,486,514,1.1198,1.2260,1f46683aaa4980b7
distributed,2,1000,1000.0000,1000.0000,500,0.219247,0.219308,0.213428,0.000000,0.050105,0.000763,false,486,514,1.1198,1.2260,1f46683aaa4980b7
distributed,2,1000,1000.0000,1000.0000,500,0.213529,0.213588,0.206423,0.000000,0.041511,0.000723,false,486,514,1.1198,1.2260,1f46683aaa4980b7
distributed,2,1000,1000.0000,1000.0000,500,0.217296,0.217357,0.211924,0.000000,0.051425,0.000761,false,486,514,1.1198,1.2260,1f46683aaa4980b7
distributed,2,1000,1000.0000,1000.0000,500,0.216854,0.216916,0.211612,0.000000,0.055762,0.000743,false,486,514,1.1198,1.2260,1f46683aaa4980b7
distributed,4,2000,1414.2136,1414.2136,500,0.327392,0.327500,0.289041,0.000000,0.147030,0.001210,false,269,742,1.2264,1.4840,aecff53fde448800
distributed,4,2000,1414.2136,1414.2136,500,0.338877,0.338987,0.293760,0.000000,0.161667,0.001097,false,269,742,1.2264,1.4840,aecff53fde448800
distributed,4,2000,1414.2136,1414.2136,500,0.334623,0.334732,0.293515,0.000000,0.142731,0.001106,false,269,742,1.2264,1.4840,aecff53fde448800
distributed,4,2000,1414.2136,1414.2136,500,0.337965,0.338080,0.284716,0.000000,0.154193,0.001462,false,269,742,1.2264,1.4840,aecff53fde448800
distributed,4,2000,1414.2136,1414.2136,500,0.339567,0.339674,0.295281,0.000000,0.152998,0.001487,false,269,742,1.2264,1.4840,aecff53fde448800
distributed,5,2500,1581.1388,1581.1388,500,0.436356,0.436553,0.368399,0.000000,0.224741,0.006334,false,329,687,1.2474,1.4100,c7934f30421ecc94
distributed,5,2500,1581.1388,1581.1388,500,0.406791,0.407014,0.363188,0.000000,0.209407,0.002451,false,329,687,1.2474,1.4100,c7934f30421ecc94
distributed,5,2500,1581.1388,1581.1388,500,0.412139,0.412313,0.356293,0.000000,0.215893,0.002570,false,329,687,1.2474,1.4100,c7934f30421ecc94
distributed,5,2500,1581.1388,1581.1388,500,0.410169,0.410359,0.364612,0.000000,0.215860,0.002548,false,329,687,1.2474,1.4100,c7934f30421ecc94
distributed,5,2500,1581.1388,1581.1388,500,0.410715,0.410890,0.363192,0.000000,0.207453,0.002281,false,329,687,1.2474,1.4100,c7934f30421ecc94
distributed,8,4000,2000.0000,2000.0000,500,0.610923,0.611155,0.550304,0.000000,0.428389,0.123726,false,264,850,1.5117,1.8700,e97ef2c9e050ec40
distributed,8,4000,2000.0000,2000.0000,500,0.609249,0.609483,0.553020,0.000000,0.417795,0.118234,false,264,850,1.5117,1.8700,e97ef2c9e050ec40
distributed,8,4000,2000.0000,2000.0000,500,0.612439,0.612685,0.558116,0.000000,0.423060,0.126610,false,264,850,1.5117,1.8700,e97ef2c9e050ec40
distributed,8,4000,2000.0000,2000.0000,500,0.625959,0.626218,0.575293,0.000000,0.436522,0.139508,false,264,850,1.5117,1.8700,e97ef2c9e050ec40
distributed,8,4000,2000.0000,2000.0000,500,0.629051,0.629390,0.579015,0.000000,0.433089,0.128665,false,264,850,1.5117,1.8700,e97ef2c9e050ec40
distributed,10,5000,2236.0680,2236.0680,500,0.595099,0.595926,0.456621,0.000000,0.365209,0.130079,false,162,834,1.3333,1.6680,2679c362bd056ce1
distributed,10,5000,2236.0680,2236.0680,500,0.643916,0.645661,0.451845,0.000000,0.366210,0.150485,false,162,834,1.3333,1.6680,2679c362bd056ce1
distributed,10,5000,2236.0680,2236.0680,500,0.622804,0.623444,0.496908,0.000000,0.401568,0.146847,false,162,834,1.3333,1.6680,2679c362bd056ce1
distributed,10,5000,2236.0680,2236.0680,500,0.613638,0.614629,0.454811,0.000000,0.364403,0.130992,false,162,834,1.3333,1.6680,2679c362bd056ce1
distributed,10,5000,2236.0680,2236.0680,500,0.612563,0.613264,0.471142,0.000000,0.369527,0.132112,false,162,834,1.3333,1.6680,2679c362bd056ce1
distributed,1,2000,1414.2136,1414.2136,500,0.835084,0.835178,0.832369,0.000000,0.002702,0.000013,false,2000,2000,1.0000,1.0000,aecff53fde448800
distributed,1,2000,1414.2136,1414.2136,500,0.838484,0.838587,0.835864,0.000000,0.002607,0.000013,false,2000,2000,1.0000,1.0000,aecff53fde448800
distributed,1,2000,1414.2136,1414.2136,500,0.813692,0.813770,0.811106,0.000000,0.002574,0.000012,false,2000,2000,1.0000,1.0000,aecff53fde448800
distributed,1,2000,1414.2136,1414.2136,500,0.823832,0.823910,0.821312,0.000000,0.002507,0.000013,false,2000,2000,1.0000,1.0000,aecff53fde448800
distributed,1,2000,1414.2136,1414.2136,500,0.810488,0.810575,0.807886,0.000000,0.002590,0.000012,false,2000,2000,1.0000,1.0000,aecff53fde448800
distributed,2,4000,2000.0000,2000.0000,500,0.998243,0.998323,0.966529,0.000000,0.275051,0.000975,false,1383,2617,1.1083,1.3100,e97ef2c9e050ec40
distributed,2,4000,2000.0000,2000.0000,500,1.035154,1.035246,1.001984,0.000000,0.291132,0.000808,false,1383,2617,1.1083,1.3100,e97ef2c9e050ec40
distributed,2,4000,2000.0000,2000.0000,500,1.000060,1.000149,0.970685,0.000000,0.275356,0.000848,false,1383,2617,1.1083,1.3100,e97ef2c9e050ec40
distributed,2,4000,2000.0000,2000.0000,500,1.018940,1.019030,0.990927,0.000000,0.278298,0.000734,false,1383,2617,1.1083,1.3100,e97ef2c9e050ec40
distributed,2,4000,2000.0000,2000.0000,500,0.997949,0.998027,0.960643,0.000000,0.266152,0.000797,false,1383,2617,1.1083,1.3100,e97ef2c9e050ec40
distributed,4,8000,2828.4271,2828.4271,500,1.185959,1.186119,1.168679,0.000000,0.243452,0.001175,false,1546,2430,1.0857,1.2160,8c0d26705cb79225
distributed,4,8000,2828.4271,2828.4271,500,1.236138,1.236313,1.210679,0.000000,0.238423,0.001617,false,1546,2430,1.0857,1.2160,8c0d26705cb79225
distributed,4,8000,2828.4271,2828.4271,500,1.372229,1.372442,1.292888,0.000000,0.312367,0.001614,false,1546,2430,1.0857,1.2160,8c0d26705cb79225
distributed,4,8000,2828.4271,2828.4271,500,1.225106,1.225260,1.200731,0.000000,0.255108,0.001580,false,1546,2430,1.0857,1.2160,8c0d26705cb79225
distributed,4,8000,2828.4271,2828.4271,500,1.250713,1.250883,1.221466,0.000000,0.267168,0.001543,false,1546,2430,1.0857,1.2160,8c0d26705cb79225
distributed,5,10000,3162.2777,3162.2777,500,1.656524,1.656889,1.384485,0.000000,0.533417,0.005510,false,1495,2440,1.0821,1.2225,f4117f625850a990
distributed,5,10000,3162.2777,3162.2777,500,1.575990,1.576292,1.332083,0.000000,0.454660,0.003015,false,1495,2440,1.0821,1.2225,f4117f625850a990
distributed,5,10000,3162.2777,3162.2777,500,1.687688,1.688045,1.429396,0.000000,0.474436,0.005957,false,1495,2440,1.0821,1.2225,f4117f625850a990
distributed,5,10000,3162.2777,3162.2777,500,1.613620,1.613915,1.389782,0.000000,0.457503,0.006103,false,1495,2440,1.0821,1.2225,f4117f625850a990
distributed,5,10000,3162.2777,3162.2777,500,1.598174,1.598501,1.359312,0.000000,0.474026,0.003603,false,1495,2440,1.0821,1.2225,f4117f625850a990
distributed,8,16000,4000.0000,4000.0000,500,1.864211,1.864530,1.637895,0.000000,0.765612,0.087105,false,1745,2452,1.1498,1.2750,1284ef787559847c
distributed,8,16000,4000.0000,4000.0000,500,1.874343,1.874678,1.689118,0.000000,0.780667,0.109707,false,1745,2452,1.1498,1.2750,1284ef787559847c
distributed,8,16000,4000.0000,4000.0000,500,1.873910,1.874225,1.688158,0.000000,0.789459,0.103988,false,1745,2452,1.1498,1.2750,1284ef787559847c
distributed,8,16000,4000.0000,4000.0000,500,1.864250,1.864564,1.719217,0.000000,0.760719,0.101451,false,1745,2452,1.1498,1.2750,1284ef787559847c
distributed,8,16000,4000.0000,4000.0000,500,1.917626,1.917924,1.721913,0.000000,0.758514,0.084449,false,1745,2452,1.1498,1.2750,1284ef787559847c
distributed,10,20000,4472.1360,4472.1360,500,2.154613,2.158874,1.849789,0.000000,0.792881,0.139625,false,1335,2507,1.1075,1.2535,6bf360c480fa6f56
distributed,10,20000,4472.1360,4472.1360,500,2.005395,2.007428,1.820658,0.000000,0.751072,0.105693,false,1335,2507,1.1075,1.2535,6bf360c480fa6f56
distributed,10,20000,4472.1360,4472.1360,500,2.091718,2.092889,1.831864,0.000000,0.784286,0.135575,false,1335,2507,1.1075,1.2535,6bf360c480fa6f56
distributed,10,20000,4472.1360,4472.1360,500,2.051835,2.058446,1.798089,0.000000,0.772408,0.116021,false,1335,2507,1.1075,1.2535,6bf360c480fa6f56
distributed,10,20000,4472.1360,4472.1360,500,2.078467,2.081726,1.805159,0.000000,0.769990,0.112371,false,1335,2507,1.1075,1.2535,6bf360c480fa6f56
